Date,511360.SH,511030.SH,159650.SZ,159649.SZ,511520.SH,511380.SH,159816.SZ,159972.SZ,511220.SH,511020.SH,511060.SH,511270.SH,511010.SH,511260.SH
2020/1/2,0,101.706,0,0,0,0,0,101.45,96.663,101.8,100.66,104.3,119.799,108.453
2020/1/3,0,101.904,0,0,0,0,0,101.38,96.519,101.8,100.7,104.4,119.438,108.48
2020/1/6,0,101.806,0,0,0,0,0,101.35,96.6,101.8,100.7,104.4,119.458,108.547
2020/1/7,0,101.9,0,0,0,0,0,101.49,96.98,102.049,100.402,104.398,119.391,108.549
2020/1/8,0,101.806,0,0,0,0,0,101.49,96.78,102,100.593,104.6,119.486,108.54
2020/1/9,0,101.905,0,0,0,0,0,101.59,96.889,101.9,100.8,104.3,119.581,108.625
2020/1/10,0,101.911,0,0,0,0,0,101.59,96.899,102.049,100.6,104.35,119.707,108.876
2020/1/13,0,101.895,0,0,0,0,0,101.59,96.95,102.299,100.9,104.25,119.745,108.888
2020/1/14,0,101.896,0,0,0,0,0,101.6,96.9,102.201,100.85,104.324,119.853,108.85
2020/1/15,0,101.896,0,0,0,0,0,101.7,96.919,102.101,100.805,104.05,119.915,108.87
2020/1/16,0,101.948,0,0,0,0,0,101.7,96.966,102.105,100.978,103.85,119.885,108.81
2020/1/17,0,101.895,0,0,0,0,0,101.7,96.949,102.201,100.999,104.15,119.835,108.844
2020/1/20,0,101.895,0,0,0,0,0,101.75,96.938,102.251,101.25,104.1,119.838,108.947
2020/1/21,0,101.895,0,0,0,0,0,101.749,96.899,102.451,101.119,104.15,120.38,109.4
2020/1/22,0,102.001,0,0,0,0,0,101.75,97.6,102.501,101.208,104.35,120.602,109.74
2020/1/23,0,102.101,0,0,0,0,0,101.7,97.266,102.901,101.45,105.37,120.929,109.76
2020/2/3,0,102.601,0,0,0,0,0,102.75,97.446,104.601,102.55,107.5,126.818,111.501
2020/2/4,0,102.501,0,0,0,0,0,102.45,97.58,104.301,102.25,107.49,122.715,110.994
2020/2/5,0,102.601,0,0,0,0,0,102.85,97.468,104.2,102.25,107.1,121.696,110.879
2020/2/6,0,102.601,0,0,0,0,0,102.85,97.5,103.901,101.81,106.95,121.525,110.977
2020/2/7,0,102.601,0,0,0,0,0,102.802,97.435,104,102.15,107,121.49,111.115
2020/2/10,0,102.801,0,0,0,0,0,102.81,97.515,104.201,102.23,107.1,121.57,111.245
2020/2/11,0,102.805,0,0,0,0,0,103.05,97.886,104.254,102.45,107.08,121.7,113.579
2020/2/12,0,102.805,0,0,0,0,0,103.08,97.75,104.154,102.5,106.967,121.665,111.385
2020/2/13,0,102.701,0,0,0,0,0,103.08,97.7,104.08,102.35,106.9,121.484,111.25
2020/2/14,0,102.901,0,0,0,0,0,103.09,97.75,104.124,102.3,107.05,121.385,111.183
2020/2/17,0,102.901,0,0,0,0,0,103.08,97.9,104.124,102.448,107.05,121.343,111.122
2020/2/18,0,103.101,0,0,0,0,0,103.055,98.04,104,102.402,107.25,121.166,111.002
2020/2/19,0,103.2,0,0,0,0,0,103.085,98.15,103.954,102.402,107.27,121.2,110.829
2020/2/20,0,103.2,0,0,0,0,0,103.088,98.15,103.904,102.41,107.55,121.19,110.787
2020/2/21,0,103.105,0,0,0,0,0,103.085,98.06,103.854,102.4,107.3,121.16,110.888
2020/2/24,0,103.2,0,0,0,0,0,103.086,98.09,103.955,102.4,107.3,121.376,111.15
2020/2/25,0,103.3,0,0,0,0,0,103.15,98.1,104,102.4,107.7,121.869,111.245
2020/2/26,0,103.4,0,0,0,0,0,103.185,98.13,104.055,102.4,107.31,121.351,111.238
2020/2/27,0,103.703,0,0,0,0,0,103.193,98.28,104.255,102.37,107.31,121.481,111.39
2020/2/28,0,103.904,0,0,0,0,0,103.15,98.313,104.5,102.37,107.65,122.389,112.499
2020/3/2,0,103.894,0,0,0,0,0,103.18,98.465,104.6,103.13,107.68,121.988,111.899
2020/3/3,0,103.894,0,0,0,0,0,103.195,98.888,104.6,102.354,107.55,121.773,111.71
2020/3/4,0,104.2,0,0,0,0,0,103.218,99.2,104.711,102.05,108,122,111.923
2020/3/5,0,103.88,0,0,0,0,0,103.195,99.4,104.911,102.1,107.8,122.1,112.198
2020/3/6,0,103.876,0,0,0,0,0,103.215,99.5,105.1,101.95,107.53,122.215,112.56
2020/3/9,0,103.894,0,0,0,0,0,103.29,99.5,105.598,102.2,108.03,123.333,114.51
2020/3/10,0,103.794,0,0,0,0,0,103.8,99.298,105.8,102,108,123.25,113.9
2020/3/11,0,103.694,0,0,0,0,0,103.75,98.951,105.8,102.1,107.795,122.654,113.1
2020/3/12,0,103.487,0,0,0,0,0,105.285,98.999,105.6,102.335,107.954,123,113.6
2020/3/13,0,103.294,0,0,0,0,0,104.149,99,105.45,102.45,107.95,122.999,113.6
2020/3/16,0,103.487,0,0,0,0,0,104.151,98.95,105,102.5,107.9,122.9,112.79
2020/3/17,0,103.39,0,0,0,0,0,103.818,98.724,104.901,102.34,107.8,122.064,112.389
2020/3/18,0,103.394,0,0,0,0,0,103.7,98.377,104.703,102.34,107.8,121.795,112.099
2020/3/19,0,103.194,0,0,0,0,0,103.303,98.303,104.601,102.4,107.7,121.932,112.077
2020/3/20,0,103.241,0,0,0,0,0,103.152,99.19,104.5,102.37,107.64,121.724,111.77
2020/3/23,0,103.26,0,0,0,0,0,103.35,98,105.401,102.58,108.1,122.306,112.4
2020/3/24,0,103.241,0,0,0,0,0,103.301,97.879,105.3,102.58,108.1,122.398,112.76
2020/3/25,0,103.141,0,0,0,0,0,103.301,97.9,105.202,102.6,107.95,122.357,112.57
2020/3/26,0,103.241,0,0,0,0,0,103.33,98.096,105.202,102.65,108.489,122.69,112.7
2020/3/27,0,103.241,0,0,0,0,0,103.3,98.146,105.402,102.65,108.25,122.945,113
2020/3/30,0,103.241,0,0,0,0,0,103.299,98.097,105.4,102.7,108.2,122.968,112.84
2020/3/31,0,105.306,0,0,0,0,0,103.37,98.197,105.6,102.65,108.21,123.21,112.815
2020/4/1,0,104.4,0,0,0,0,0,104.19,98.495,106.101,102.9,108.25,124.14,112.999
2020/4/2,0,104.6,0,0,0,0,0,104.29,98.47,106.351,103.1,108.25,123.591,113.13
2020/4/3,0,104.7,0,0,0,0,0,104.359,98.396,106.1,103.1,108.165,123.41,113.047
2020/4/7,0,104.7,0,0,0,9.999,0,104.519,98.33,106.45,103.59,108.9,123.998,113.462
2020/4/8,0,104.525,0,0,0,9.998,0,104.742,98.395,106.599,103.65,109.1,124.585,113.669
2020/4/9,0,105.008,0,0,0,10.015,0,104.975,98.399,107,103.85,109.4,124.797,113.692
2020/4/10,0,105.781,0,0,0,10.015,0,105.035,98.48,106.499,104.06,109.48,124.59,113.655
2020/4/13,0,104.5,0,0,0,9.953,0,105.141,98.499,106.7,103.97,109.3,124.475,113.488
2020/4/14,0,104.5,0,0,0,9.911,0,105.155,98.544,106.698,104.1,109.296,124.524,113.582
2020/4/15,0,104.4,0,0,0,9.915,0,105.299,98.594,106.551,104.601,109.301,125.093,113.584
2020/4/16,0,104.6,0,0,0,9.915,0,105.499,98.6,106.698,104.55,109.41,125.311,113.97
2020/4/17,0,104.6,0,0,0,9.965,0,105.55,98.58,106.698,104.55,109.45,125.143,114.135
2020/4/20,0,104.75,0,0,0,9.968,0,105.594,98.595,106.698,104.45,109.3,125,114.02
2020/4/21,0,104.45,0,0,0,9.964,0,105.58,98.565,106.698,104.4,109.35,124.991,113.478
2020/4/22,0,104.501,0,0,0,9.965,0,105.999,98.558,106.74,104.699,109.5,125.396,113.762
2020/4/23,0,104.502,0,0,0,9.971,0,106.3,98.627,106.899,105.1,109.92,125.86,114.356
2020/4/24,0,104.82,0,0,0,9.969,0,106.31,98.751,107.8,105,110,126.19,114.79
2020/4/27,0,104.8,0,0,0,9.96,0,106.37,98.92,107.9,104.945,110.16,126.028,114.705
2020/4/28,0,104.902,0,0,0,9.954,0,106.44,98.795,107.9,105,110,126.039,114.7
2020/4/29,0,105.87,0,0,0,9.963,0,106.52,98.8,107.9,104.999,110.109,126.81,114.9
2020/4/30,0,105.85,0,0,0,10.005,0,106.62,98.914,108,104.99,110.369,126.439,114.7
2020/5/6,0,105.8,0,0,0,10.011,0,106.629,98.9,107.9,105.12,110.131,126.485,114.551
2020/5/7,0,105.8,0,0,0,10.013,0,106.493,98.898,107.69,105,110,126.168,114.289
2020/5/8,0,105.799,0,0,0,10.018,0,106.4,98.7,107.299,105.04,109.5,125.448,113.989
2020/5/11,0,105.699,0,0,0,10.02,0,106.2,98.74,106.9,104.999,109.419,125.309,113.581
2020/5/12,0,105.799,0,0,0,9.982,0,106.15,98.7,106.999,104.997,109.169,125.347,113.249
2020/5/13,0,105.699,0,0,0,9.946,0,106.099,98.598,106.9,104.999,109.131,125.323,113.35
2020/5/14,0,105.199,0,0,0,9.929,0,106.014,98.6,106.799,104.899,109.05,125.379,113.048
2020/5/15,0,105.694,0,0,0,9.88,0,105.998,98.538,107,104.888,109.201,125.57,113.142
2020/5/18,0,106.165,0,0,0,9.865,0,105.999,98.596,106.82,104.88,109.2,125.535,113.097
2020/5/19,0,105.299,0,0,0,9.82,0,105.999,98.538,106.599,104.7,109,125.06,112.822
2020/5/20,0,105.299,0,0,0,9.78,0,105.999,98.543,106.5,104.72,109.05,124.89,112.992
2020/5/21,0,105.599,0,0,0,9.725,0,105.999,98.69,106.5,104.6,108.8,124.734,113.104
2020/5/22,0,105.399,0,0,0,9.683,0,106.099,98.588,106.599,104.199,108.88,125.109,113.566
2020/5/25,0,105.399,0,0,0,9.633,0,106.099,98.584,106.55,104.2,108.4,125.109,113.514
2020/5/26,0,104.599,0,0,0,9.622,0,106.048,98.699,106.4,104.05,108.383,124.808,113.331
2020/5/27,0,104.599,0,0,0,9.628,0,106.05,98.737,106.45,103.85,108.3,124.296,112.93
2020/5/28,0,104.599,0,0,0,9.652,0,105.788,98.65,106.102,103.526,108.298,124.17,113.166
2020/5/29,0,105.099,0,0,0,9.719,0,105.208,98.537,106.299,103.5,108.289,124.164,113.16
2020/6/1,0,105,0,0,0,9.807,0,104.802,98.531,105.968,103.4,108.1,123.969,112.783
2020/6/2,0,105,0,0,0,9.818,0,104.649,98.491,105.699,103.056,108.021,123.7,112.498
2020/6/3,0,104.8,0,0,0,9.821,0,104.5,98.37,105.399,102.518,107.859,123,112.013
2020/6/4,0,103.96,0,0,0,9.799,0,104.31,98.374,105.6,102.5,107.706,122.936,111.922
2020/6/5,0,104.201,0,0,0,9.752,0,104.28,98.348,105.15,102.35,107.549,122.795,111.64
2020/6/8,0,103.901,0,0,0,9.753,0,104.2,98.249,105.099,102.25,107.55,122.969,111.782
2020/6/9,0,104.301,0,0,0,9.732,0,104.29,98.048,104.999,102.24,107.55,123.26,111.952
2020/6/10,0,103.999,0,0,0,9.722,0,104.201,98.089,104.92,102.19,107.55,123.122,111.964
2020/6/11,0,103.999,0,0,0,9.723,0,104.29,98.2,104.99,102.2,107.6,122.909,112.249
2020/6/12,0,104.663,0,0,0,9.694,0,104.3,98.174,105.5,102.26,107.75,123.236,112.75
2020/6/15,0,104.9,0,0,0,9.721,0,104.38,98.115,105.399,102.25,108.454,123.2,112.647
2020/6/16,0,104.8,0,0,0,9.748,0,104.27,98.189,105.1,102.05,107.8,122.87,112.2
2020/6/17,0,104.7,0,0,0,9.745,0,104.19,98.089,104.899,102.05,107.349,122.49,111.837
2020/6/18,0,104.7,0,0,0,9.756,0,104.3,98.087,104.999,102.05,107.404,122.35,111.98
2020/6/19,0,104.7,0,0,0,9.767,0,104.19,97.969,104.9,102.096,107.3,122.12,111.608
2020/6/22,0,104.5,0,0,0,9.771,0,104.19,98,104.699,102.199,107.12,121.957,111.621
2020/6/23,0,104.5,0,0,0,9.733,0,104.09,97.899,104.399,101.946,107.069,121.94,111.57
2020/6/24,0,104.205,0,0,0,9.734,0,104.09,97.77,104.5,101.9,107.249,121.928,111.558
2020/6/29,0,104.3,0,0,0,9.726,0,104.09,97.391,104.6,101.85,107.199,122.198,111.595
2020/6/30,0,104,0,0,0,9.726,0,104.244,97.28,104.601,101.75,107.013,122.14,111.533
2020/7/1,0,104.1,0,0,0,9.822,0,104.29,97.389,104.5,101.799,107.05,122.25,111.6
2020/7/2,0,104.15,0,0,0,9.969,0,104.2,97.309,104.598,101.78,107.05,122.442,111.962
2020/7/3,0,104.4,0,0,0,10.095,0,104.1,97.269,104.601,101.79,107.045,122.287,111.681
2020/7/6,0,104.2,0,0,0,10.43,0,104.025,97.4,104.35,101.6,106.95,122.01,111.435
2020/7/7,0,103.99,0,0,0,10.588,0,103.906,97,104.001,101.5,106.491,121.33,110.43
2020/7/8,0,103.9,0,0,0,10.51,0,103.669,97.1,103.605,101.798,106.79,121.294,110.2
2020/7/9,0,103.899,0,0,0,10.626,0,103.71,96.95,103.601,101.499,106.25,120.994,109.756
2020/7/10,0,103.898,0,0,0,10.575,0,103.702,96.493,103.301,101.34,106.18,121.306,110.011
2020/7/13,0,103.898,0,0,0,10.61,0,103.699,96.265,103.34,101.3,106.23,121.8,109.812
2020/7/14,0,103.908,0,0,0,10.573,0,103.355,96.106,103.6,101.533,106.398,121.61,110.138
2020/7/15,0,104.1,0,0,0,10.55,0,103.66,95.777,103.5,101.4,106.795,121.649,110.499
2020/7/16,0,104.063,0,0,0,10.422,0,103.689,95.2,104,101.257,106.631,122.363,110.782
2020/7/17,0,103.9,0,0,0,10.249,0,103.7,95.375,104.1,101.098,106.451,122.3,110.77
2020/7/20,0,104.2,0,0,0,10.31,0,103.719,95.4,104.098,101.077,106.52,121.851,110.401
2020/7/21,0,104.5,0,0,0,10.35,0,103.75,95.88,104.35,101.6,107.2,121.892,110.844
2020/7/22,0,104.6,0,0,0,10.427,0,103.717,95.776,104.4,101.6,107.2,122.209,111.11
2020/7/23,0,103.999,0,0,0,10.395,0,103.74,95.759,104.5,101,107.604,122.568,111.29
2020/7/24,0,103.999,0,0,0,10.357,0,103.95,95.85,104.548,101.038,107.5,122.558,111.424
2020/7/27,0,104.199,0,0,0,10.224,0,103.923,95.89,105,100.988,107.2,122.529,111.474
2020/7/28,0,104.001,0,0,0,10.238,0,103.911,95.999,104.94,100.978,107.232,122.485,111.435
2020/7/29,0,104.103,0,0,0,10.316,0,103.93,95.997,104.6,101,107.005,122.248,111.35
2020/7/30,0,104.103,0,0,0,10.35,0,103.995,95.969,104.3,100.998,107.1,122.04,110.91
2020/7/31,0,104.5,0,0,0,10.424,0,104.014,95.945,104.1,100.908,107.2,121.955,110.77
2020/8/3,0,104.4,0,0,0,10.493,0,104.085,95.9,104.29,100.841,106.9,121.696,110.451
2020/8/4,0,104.5,0,0,0,10.549,0,104.097,95.958,104.098,100.757,106.899,121.698,110.552
2020/8/5,0,104.7,0,0,0,10.554,0,104.1,95.99,104.07,100.6,106.914,121.89,110.674
2020/8/6,0,104.1,0,0,0,10.598,0,104.095,95.944,104,100.598,106.899,121.69,110.674
2020/8/7,0,104.3,0,0,0,10.55,0,104.095,95.887,103.8,100.699,106.73,121.697,110.69
2020/8/10,0,104.2,0,0,0,10.494,0,104.045,96.297,103.7,100.69,106.7,121.669,110.62
2020/8/11,0,104.2,0,0,0,10.525,0,104.015,96.44,104.09,100.613,106.7,121.613,110.639
2020/8/12,0,104.2,0,0,0,10.405,0,103.91,96.296,104.089,100.705,106.406,121.59,110.789
2020/8/13,0,104.2,0,0,0,10.391,0,104,96.507,103.99,100.85,106.417,121.379,110.597
2020/8/14,0,104.299,0,0,0,10.42,0,103.961,96.579,103.873,101.264,106.417,121.425,110.768
2020/8/17,0,104.399,0,0,0,10.55,0,103.854,96.562,104.113,101.4,106.545,121.449,110.76
2020/8/18,0,104.4,0,0,0,10.556,0,103.65,96.598,104.195,101.6,107.16,121.507,110.792
2020/8/19,0,104.599,0,0,0,10.585,0,103.068,96.562,104.2,101.8,106.9,121.52,110.758
2020/8/20,0,104.6,0,0,0,10.507,0,102.97,96.775,104.15,101.968,106.8,121.43,110.615
2020/8/21,0,104.6,0,0,0,10.494,0,102.985,96.89,104.15,101.861,105.599,121.28,110.4
2020/8/24,0,104.6,0,0,0,10.471,0,102.975,96.888,104.2,101.986,105.63,121.172,110.437
2020/8/25,0,104.299,0,0,0,10.5,0,102.901,96.912,104.5,101.92,105.4,121.135,110.341
2020/8/26,0,104.599,0,0,0,10.464,0,102.905,96.8,103.9,101.908,104.915,120.939,110.116
2020/8/27,0,104.599,0,0,0,10.389,0,102.95,96.718,103.7,101.8,104.81,120.772,110.014
2020/8/28,0,104.398,0,0,0,10.451,0,102.932,96.799,104,101.6,104.612,120.503,110.006
2020/8/31,0,104.439,0,0,0,10.512,0,102.936,96.4,103.65,101.8,104.629,120.51,109.812
2020/9/1,0,104.461,0,0,0,10.506,0,102.947,96.304,103.85,101.73,104.619,120.905,110.191
2020/9/2,0,104.2,0,0,0,10.54,0,102.951,96.4,104.8,101.721,104.427,120.881,110.107
2020/9/3,0,104.35,0,0,0,10.554,0,102.962,96.4,103.45,101.6,104.339,120.697,110.273
2020/9/4,0,104.499,0,0,0,10.506,105,103,96.419,103.302,101.419,104.199,120.678,110.408
2020/9/7,0,104.458,0,0,0,10.497,99.77,102.979,96.419,103.1,101.5,104.289,120.62,110.36
2020/9/8,0,104.203,0,0,0,10.379,99.668,102.979,96.401,103.209,101.265,104.3,120.457,110.45
2020/9/9,0,104.203,0,0,0,10.307,99.588,102.906,96.4,103.9,101.2,104.22,120.659,110.687
2020/9/10,0,104.299,0,0,0,10.296,99.589,102.906,96.498,103.3,101.1,104.15,120.83,110.78
2020/9/11,0,104.299,0,0,0,10.24,99.591,102.902,96.493,103.3,101.149,104.201,120.898,110.769
2020/9/14,0,104.327,0,0,0,10.286,99.559,102.86,96.608,103,101.199,103.838,120.707,110.031
2020/9/15,0,104.3,0,0,0,10.276,99.529,102.92,96.599,103.268,101.099,103.899,120.745,110.217
2020/9/16,0,104,0,0,0,10.262,99.524,102.939,96.586,103.303,100.859,103.766,120.723,110.35
2020/9/17,0,104.2,0,0,0,10.236,99.535,102.939,96.692,103.3,100.999,103.874,120.791,110.378
2020/9/18,0,104.299,0,0,0,10.258,99.545,102.943,96.799,103.4,100.899,103.999,121.002,110.471
2020/9/21,0,104.299,0,0,0,10.274,99.553,102.95,96.894,103.6,101.1,103.916,121.099,110.729
2020/9/22,0,104.1,0,0,0,10.235,99.56,102.95,96.179,103.4,101.1,103.99,121.261,112.933
2020/9/23,0,104.299,0,0,0,10.189,99.534,102.95,96.267,103.85,100.82,103.998,121.298,110.898
2020/9/24,0,104.299,0,0,0,10.169,99.55,102.97,96.312,103.9,100.999,104.1,121.253,110.807
2020/9/25,100.265,104.201,0,0,0,10.087,99.53,102.97,96.3,103.6,100.999,104.148,121.122,110.611
2020/9/28,100.2,104.201,0,0,0,10.059,99.524,102.949,96.4,103.307,101.001,104.193,120.963,110.6
2020/9/29,100.236,104.2,0,0,0,10.166,99.527,102.946,96.293,103.4,101.166,104.1,120.845,110.594
2020/9/30,100.26,104.1,0,0,0,10.217,99.549,102.944,96.352,103.403,101.3,104.199,120.977,110.55
2020/10/9,100.3,104.1,0,0,0,10.26,99.588,102.968,96.408,103.403,101.099,104.085,120.701,110.085
2020/10/12,100.35,104.2,0,0,0,10.35,99.58,102.977,96.189,103.295,100.812,103.763,120.686,110.06
2020/10/13,100.357,104.1,0,0,0,10.368,99.569,102.979,96.15,103.107,100.903,103.6,120.699,109.88
2020/10/14,100.404,104.249,0,0,0,10.366,99.589,103.018,96.21,103.358,100.699,103.59,120.551,109.847
2020/10/15,100.42,104.59,0,0,0,10.399,99.589,103.019,96.219,103.258,100.91,103.758,120.516,109.766
2020/10/16,100.43,104.5,0,0,0,10.378,99.609,103.029,96.318,103.22,100.881,103.758,120.573,109.849
2020/10/19,100.408,104.8,0,0,0,10.4,99.559,103.115,96.326,103.4,100.965,103.751,120.75,110.081
2020/10/20,100.47,104.58,0,0,0,10.329,99.459,103.115,96.399,103.4,101.08,103.716,120.84,110.123
2020/10/21,100.467,104.561,0,0,0,10.344,99.479,103.089,96.45,103.201,101.198,103.9,120.98,109.982
2020/10/22,100.47,104.8,0,0,0,10.328,99.529,103.1,96.55,103.202,101.399,103.92,121.041,110.242
2020/10/23,100.475,104.8,0,0,0,10.44,99.499,103.08,96.652,103.4,101.4,103.999,121.058,110.028
2020/10/26,100.482,105.8,0,0,0,10.272,99.669,103.17,96.72,103.8,101.663,104.019,120.903,109.999
2020/10/27,100.482,105.089,0,0,0,10.295,99.619,103.129,96.72,103.202,101.74,104,121.001,110.104
2020/10/28,100.481,105.089,0,0,0,10.324,99.639,103.169,96.7,103.5,101.872,104.331,121.081,110.249
2020/10/29,100.497,105.389,0,0,0,10.357,99.699,103.2,96.79,103.598,101.874,104.25,120.968,110.376
2020/10/30,100.505,105.2,0,0,0,10.332,99.989,103.169,96.749,103.36,101.841,104.185,120.996,110.315
2020/11/2,100.512,105.4,0,0,0,10.275,99.888,103.169,96.809,103.405,101.596,104.383,121.299,111.008
2020/11/3,100.535,105.3,0,0,0,10.267,99.9,103.16,96.738,103.405,101.719,104.4,121.302,110.39
2020/11/4,100.54,105.299,0,0,0,10.297,100.009,103.158,96.792,103.6,101.799,104.337,121.238,110.4
2020/11/5,100.54,105.2,0,0,0,10.342,100.029,103.26,96.87,103.7,101.88,104.389,121.2,110.477
2020/11/6,100.55,104.799,0,0,0,10.36,100.049,103.23,96.872,103.425,101.879,104.433,121.085,110.517
2020/11/9,100.556,104.799,0,0,0,10.454,100.019,103.25,96.86,103.303,101.857,104.51,120.965,110.316
2020/11/10,100.58,104.653,0,0,0,10.44,100.05,103.28,96.86,103.155,101.88,104.599,120.899,110.125
2020/11/11,100.589,105.151,0,0,0,10.401,100.059,103.265,96.87,103.155,101.91,104.7,120.9,110.147
2020/11/12,100.587,105.101,0,0,0,10.367,100.06,103.13,96.879,103.1,101.976,104.886,120.756,110.124
2020/11/13,100.581,105,0,0,0,10.343,99.99,103.13,96.8,103.145,101.999,104.774,120.739,110.061
2020/11/16,100.589,105,0,0,0,10.307,99.959,102.83,96.957,103,101.563,104.676,120.671,109.939
2020/11/17,100.588,104.8,0,0,0,10.306,99.979,103.5,96.245,103.002,101.579,104.449,120.877,109.88
2020/11/18,100.588,104.511,0,0,0,10.291,99.989,103.37,95.862,103.002,101.62,104.27,120.606,109.887
2020/11/19,100.585,104.834,0,0,0,10.268,99.969,103.36,95.7,102.89,101.6,104.25,120.421,109.6
2020/11/20,100.616,104.501,0,0,0,10.284,99.97,103.319,95.698,102.6,101.498,104.133,120.4,109.503
2020/11/23,100.567,104.371,0,0,0,10.356,99.979,103.328,95.53,103.5,101.54,104,120.66,109.63
2020/11/24,100.561,104.6,0,0,0,10.385,99.94,103.255,95.399,103.28,101.526,103.928,120.722,109.61
2020/11/25,100.595,104.62,0,0,0,10.407,99.969,103.195,95.299,102.852,101.25,103.46,120.602,109.631
2020/11/26,100.586,104.6,0,0,0,10.34,99.969,103.319,95.397,102.955,100.67,103.24,120.657,109.661
2020/11/27,100.543,104.6,0,0,0,10.341,99.949,103.339,95.554,103.8,100.8,103.525,120.612,109.757
2020/11/30,100.628,104.31,0,0,0,10.42,100.019,103.369,95.553,103.1,101,103.275,120.789,109.69
2020/12/1,100.65,104.31,0,0,0,10.41,100.009,103.319,95.65,103.2,101,103.315,120.78,109.691
2020/12/2,100.68,104.972,0,0,0,10.426,99.95,103.348,95.74,103.002,101.1,103.74,120.641,109.61
2020/12/3,100.811,104.972,0,0,0,10.404,99.929,103.309,95.77,103.29,101.19,103.5,120.632,109.637
2020/12/4,100.68,105,0,0,0,10.365,99.96,103.339,95.75,103.2,101.2,103.62,120.745,110.1
2020/12/7,100.735,104.681,0,0,0,10.355,99.989,103.499,95.798,103.2,101.3,103.64,120.871,109.98
2020/12/8,100.719,104.674,0,0,0,10.335,100.049,103.68,95.651,103.102,101.41,103.966,120.74,110.089
2020/12/9,100.75,105.2,0,0,0,10.317,100.059,103.72,95.628,103.2,101.338,104.14,120.765,110.158
2020/12/10,100.75,104.9,0,0,0,10.283,100.029,103.76,95.7,103.15,101.555,103.557,120.775,110
2020/12/11,100.768,105.039,0,0,0,10.275,100.079,103.77,95.895,103.15,101.959,103.4,120.763,109.956
2020/12/14,100.804,104.842,0,0,0,10.202,100.099,103.73,95.69,103.002,101.775,103.26,120.63,109.843
2020/12/15,100.85,105.044,0,0,0,10.183,100.108,103.689,95.499,103.002,101.947,103.587,120.785,109.738
2020/12/16,100.859,105,0,0,0,10.156,100.074,103.68,96.1,103.15,102,103.935,120.821,109.695
2020/12/17,100.871,101.62,0,0,0,10.174,100.11,103.599,95.94,103.053,102.716,104.2,120.879,109.8
2020/12/18,100.85,101.624,0,0,0,10.232,100.119,103.559,95.4,103.1,100.91,104.478,120.75,109.644
2020/12/21,101.052,102.1,0,0,0,10.269,100.08,103.599,95.499,103.392,100.8,104.294,120.849,109.62
2020/12/22,101.31,101.87,0,0,0,10.266,100.15,103.62,95.285,103.595,101.15,104.55,121.053,109.85
2020/12/23,101.251,102.3,0,0,0,10.273,100.06,103.64,95.453,103.75,101.144,104.92,121.134,109.998
2020/12/24,101.084,101.785,0,0,0,10.268,100.09,103.649,96,103.59,101.274,104.86,121.229,109.988
2020/12/25,100.985,101.9,0,0,0,10.225,100.11,103.689,95.69,103.72,101.175,105.257,121.316,109.987
2020/12/28,101.448,102.418,0,0,0,10.24,100.209,103.689,95.74,103.94,101.089,105.44,121.4,110.147
2020/12/29,101.05,103.014,0,0,0,10.21,100.229,103.639,96,103.7,101.097,105.45,121.267,110.25
2020/12/30,101.195,102.6,0,0,0,10.226,100.314,103.66,95.683,103.8,101.068,105.415,121.38,110.33
2020/12/31,101.102,102.6,0,0,0,10.297,100.339,103.71,95.684,103.9,101.075,105.47,121.373,110.38
2021/1/4,102.312,102.226,0,0,0,10.406,100.33,103.67,95.989,103.85,101.075,105.36,121.315,110.238
2021/1/5,101.1,101.9,0,0,0,10.466,100.32,103.667,95.689,103.9,100.999,105.2,121.268,110.268
2021/1/6,101.105,102.155,0,0,0,10.529,100.15,103.618,95.888,104.1,101.01,105.2,121.55,110.475
2021/1/7,101.13,102.5,0,0,0,10.51,100.119,103.649,95.794,104.3,100.699,105.215,121.596,110.48
2021/1/8,101.16,101.771,0,0,0,10.482,100.05,103.64,95.86,104.4,100.8,105.42,121.6,110.73
2021/1/11,101.183,10.21,0,0,0,10.488,100.059,103.65,95.879,104.202,100.83,104.536,121.599,110.446
2021/1/12,101.186,10.24,0,0,0,10.523,100.359,103.67,95.94,104.1,100.903,104.175,121.551,110.499
2021/1/13,101.198,10.351,0,0,0,10.555,100.379,103.47,95.945,104.2,101.177,104.685,121.777,110.815
2021/1/14,101.286,10.302,0,0,0,10.445,100.389,103.487,96.08,104.5,101.315,104.78,122.1,110.958
2021/1/15,101.728,10.283,0,0,0,10.463,100.409,103.48,96.03,104.7,101.525,104.629,122.026,111.099
2021/1/18,101.28,10.386,0,0,0,10.517,100.609,103.449,96.05,104.6,101.66,104.866,121.91,111.055
2021/1/19,102.075,10.429,0,0,0,10.519,100.71,103.49,96.099,104.1,101.249,104.66,121.7,110.776
2021/1/20,101.202,10.4,0,0,0,10.504,100.69,103.53,96.077,104.25,101.92,104.75,121.669,110.899
2021/1/21,101.238,10.328,0,0,0,10.589,100.649,103.592,96.062,104.35,101,104.6,121.82,111.019
2021/1/22,101.22,10.9,0,0,0,10.555,100.659,103.61,95.968,104.4,100.61,104.05,121.865,111.186
2021/1/25,101.25,10.52,0,0,0,10.589,100.652,103.65,96.048,104.672,100.414,103.789,121.876,111.219
2021/1/26,101.26,10.349,0,0,0,10.561,100.679,103.667,96.055,104.25,100.425,103.704,121.812,111.18
2021/1/27,101.23,10.4,0,0,0,10.479,100.63,103.71,96.049,104.25,100.143,103.433,121.547,110.838
2021/1/28,101.216,10.37,0,0,0,10.461,100.639,103.72,95.974,104.148,100.12,103.205,121.495,110.682
2021/1/29,101.184,10.45,0,0,0,10.38,100.63,103.6,96.08,103.92,99.935,103.2,121.445,110.507
2021/2/1,101.15,10.334,0,0,0,10.258,100.639,103.595,95.835,104.245,99.8,102.9,121.609,110.649
2021/2/2,101.172,10.3,0,0,0,10.268,100.659,103.589,95.68,104.5,100.277,102.881,121.833,110.835
2021/2/3,101.202,10.274,0,0,0,10.251,100.699,103.615,95.79,104.51,99.92,102.919,121.77,110.819
2021/2/4,101.236,10.294,0,0,0,10.199,100.72,103.86,95.787,104.5,99.748,103.355,121.772,110.798
2021/2/5,101.221,10.288,0,0,0,10.105,101.09,104.375,95.79,104.475,99.848,103.34,121.607,110.735
2021/2/8,101.236,10.447,0,0,0,10.109,100.85,104.278,95.885,104.5,99.99,103.278,121.457,110.532
2021/2/9,101.248,10.347,0,0,0,10.297,100.807,104.189,95.899,104.6,99.94,103.136,121.318,110.296
2021/2/10,101.711,10.34,0,0,0,10.314,100.81,104.28,95.938,104.6,99.86,103.112,121.587,110.549
2021/2/18,101.524,10.25,0,0,0,10.403,100.809,104.259,95.989,104.6,99.68,102.899,121.471,110.482
2021/2/19,102.308,10.25,0,0,0,10.472,100.819,104.85,96.61,104.29,99.616,102.9,121.399,110.672
2021/2/22,102.32,10.267,0,0,0,10.546,100.83,104.58,96.301,105,99.667,102.389,121.431,110.443
2021/2/23,101.379,10.276,0,0,0,10.48,100.859,104.66,96.43,104.5,100.2,102.78,121.55,110.588
2021/2/24,101.39,10.29,0,0,0,10.46,100.929,104.559,96.434,104.4,100.13,102.899,121.779,110.71
2021/2/25,101.739,10.287,0,0,0,10.442,100.92,104.639,96.287,104.204,99.986,103.12,121.787,110.589
2021/2/26,101.423,10.28,0,0,0,10.355,100.93,104.7,96.219,104.1,99.986,103,121.76,110.64
2021/3/1,101.443,10.286,0,0,0,10.36,100.99,104.7,96.147,104.1,99.95,103.045,121.525,110.445
2021/3/2,101.497,10.278,0,0,0,10.366,111.005,105,96.099,104.1,99.855,103.078,121.994,110.675
2021/3/3,101.477,10.287,0,0,0,10.413,101.02,104.71,96.099,104.281,99.726,103.188,122.085,110.662
2021/3/4,101.489,10.289,0,0,0,10.4,103.009,104.75,96.097,104.2,99.915,102.98,121.919,110.598
2021/3/5,101.51,10.282,0,0,0,10.363,102.482,104.661,96.098,104.2,99.86,102.879,121.994,110.67
2021/3/8,101.513,10.299,0,0,0,10.379,101.89,104.679,96.096,104.25,99.66,102.85,121.998,110.739
2021/3/9,101.538,10.29,0,0,0,10.267,101.75,104.7,95.92,104.25,99.75,102.84,121.988,110.955
2021/3/10,101.538,10.299,0,0,0,10.246,101.6,104.75,95.998,104.39,99.69,102.861,121.938,110.95
2021/3/11,101.58,10.33,0,0,0,10.301,101.56,104.687,96.1,104.15,99.7,102.745,121.96,110.857
2021/3/12,101.558,10.349,0,0,0,10.34,100.881,104.639,96.244,104.218,99.788,102.879,121.945,110.799
2021/3/15,101.58,10.441,0,0,0,10.372,101.468,104.639,96.21,104.48,99.745,102.902,121.861,110.697
2021/3/16,101.598,10.48,0,0,0,10.342,101.427,104.7,96.3,104.5,100.314,102.888,121.78,110.67
2021/3/17,101.63,10.44,0,0,0,10.337,101.3,104.75,95.8,104.218,99.891,102.878,121.74,110.648
2021/3/18,101.617,10.424,0,0,0,10.361,100.759,104.739,95.547,104.218,99.885,102.8,121.687,110.507
2021/3/19,101.648,10.395,0,0,0,10.332,100.78,104.67,95.549,104.25,100.581,102.8,121.689,110.49
2021/3/22,101.642,10.395,0,0,0,10.336,100.76,104.33,95.453,104.4,100.725,102.866,121.657,110.608
2021/3/23,101.7,10.368,0,0,0,10.338,101.18,104.43,95.389,104.49,99.822,102.938,121.688,110.6
2021/3/24,101.69,10.379,0,0,0,10.295,101.029,104.529,95.558,104.5,99.899,103.035,121.794,110.769
2021/3/25,101.757,10.326,0,0,0,10.248,101.06,104.629,95.568,104.4,99.79,103.197,121.918,110.798
2021/3/26,101.721,10.325,0,0,0,10.278,101.069,104.718,95.55,104.4,99.729,102.99,121.933,110.793
2021/3/29,101.79,10.359,0,0,0,10.316,101.079,104.6,95.5,104.68,100.184,102.98,121.75,110.736
2021/3/30,101.75,10.374,0,0,0,10.3,101.12,104.68,95.792,104.5,100.558,102.964,121.933,110.844
2021/3/31,101.756,10.379,0,0,0,10.298,101.169,104.76,95.677,104.502,100.291,103.035,121.962,110.992
2021/4/1,101.789,10.43,0,0,0,10.318,101.179,104.71,95.78,104.75,100.1,103.1,122.019,111
2021/4/2,101.75,10.418,0,0,0,10.338,101.13,104.76,95.78,104.602,100.095,103.272,122.166,110.982
2021/4/6,101.77,10.388,0,0,0,10.305,101.149,104.859,95.872,104.7,100.17,103.321,122.032,110.865
2021/4/7,101.79,10.358,0,0,0,10.291,101.139,104.949,95.998,104.695,100.143,103.3,122.06,110.889
2021/4/8,101.794,10.347,0,0,0,10.298,101.329,104.949,96.235,104.695,100.142,103.173,121.994,110.875
2021/4/9,101.801,10.404,0,0,0,10.301,101.235,104.84,96.18,104.695,100.14,103.19,121.858,110.81
2021/4/12,101.831,10.447,0,0,0,10.289,101.159,104.7,96.231,104.695,100.139,103.244,122.146,111.03
2021/4/13,101.843,10.425,0,0,0,10.258,101.48,104.6,96.3,104.845,100.3,103.3,122.35,111.3
2021/4/14,101.853,10.425,0,0,0,10.258,100.89,104.4,96.16,104.845,101.088,103.499,122.532,111.444
2021/4/15,101.857,10.389,0,0,0,10.253,100.8,104.291,96.297,104.702,100.688,103.6,122.391,111.493
2021/4/16,101.858,10.369,0,0,0,10.27,100.556,104.191,96.218,104.702,101.2,103.59,122.39,111.805
2021/4/19,101.885,10.359,0,0,0,10.313,100.66,104.06,96.289,104.798,100.9,103.55,122.392,111.749
2021/4/20,101.915,10.35,0,0,0,10.329,100.22,103.68,96.284,104.8,100.669,103.5,122.369,111.699
2021/4/21,101.955,10.429,0,0,0,10.303,101.4,104.259,96.152,104.8,100.141,103.605,122.556,111.616
2021/4/22,101.935,10.395,0,0,0,10.327,101.209,103.745,96.215,104.85,100.124,103.65,122.555,111.653
2021/4/23,101.948,10.394,0,0,0,10.305,101.248,103.719,96.28,104.8,100.23,103.644,122.798,112
2021/4/26,101.985,10.378,0,0,0,10.326,101.4,103.819,96.288,104.9,100.285,103.725,122.756,111.958
2021/4/27,101.975,10.394,0,0,0,10.287,101.38,103.719,96.315,104.9,100.348,103.743,122.67,112
2021/4/28,101.973,10.379,0,0,0,10.283,101.38,103.72,96.259,104.752,100.421,103.838,122.483,111.729
2021/4/29,101.986,10.377,0,0,0,10.313,101.349,104.31,96.63,104.99,100.599,104.452,122.568,111.643
2021/4/30,102.201,10.38,0,0,0,10.318,101.45,103.95,96.6,104.95,100.34,104.674,122.625,111.749
2021/5/6,102.048,10.38,0,0,0,10.337,101.36,104.22,96.3,104.95,100.45,104.8,122.849,111.825
2021/5/7,102.08,10.386,0,0,0,10.336,101.3,104.18,96.443,105.05,100.443,104.85,122.699,111.802
2021/5/10,102.085,10.39,0,0,0,10.309,101.455,104.28,96.454,105.1,100.251,104.778,122.697,111.698
2021/5/11,102.116,10.393,0,0,0,10.288,101.5,104.284,96.329,105.15,100.171,104.81,123.1,111.9
2021/5/12,102.136,10.391,0,0,0,10.343,101,104.24,96.898,105.45,100.255,104.688,122.937,112
2021/5/13,102.149,10.399,0,0,0,10.335,101.4,104.201,96.406,105.4,100.345,104.43,122.9,111.82
2021/5/14,102.158,10.406,0,0,0,10.339,101.39,103.99,96.82,105.45,100.469,104.048,122.788,111.896
2021/5/17,102.165,10.409,0,0,0,10.368,101.5,104.221,96.699,105.5,100.475,103.966,122.952,111.962
2021/5/18,102.185,10.41,0,0,0,10.379,101,104.158,96.648,105.52,100.288,103.759,122.976,111.848
2021/5/19,102.192,10.414,0,0,0,10.368,101,104.04,96.6,105.515,100.1,103.37,123.088,111.999
2021/5/20,102.204,10.411,0,0,0,10.351,100.406,104.294,96.593,105.614,99.989,102.999,123.28,112.2
2021/5/21,102.215,10.478,0,0,0,10.357,100.869,104.17,96.895,105.66,99.988,103.06,123.378,112.598
2021/5/24,102.239,10.413,0,0,0,10.371,101,104.5,97.18,105.855,99.948,103.14,123.517,112.7
2021/5/25,102.26,10.43,0,0,0,10.432,101.5,104.359,96.959,105.9,100.299,103.2,123.379,112.62
2021/5/26,102.264,10.422,0,0,0,10.475,100.788,104.351,97.1,105.9,100.4,103.64,123.266,112.775
2021/5/27,102.263,10.422,0,0,0,10.508,100.55,104.328,96.86,106.016,100.115,103.5,123.227,112.759
2021/5/28,102.267,10.45,0,0,0,10.528,101.303,104.224,96.798,106.145,100.229,103.4,123.178,112.529
2021/5/31,102.273,10.422,0,0,0,10.522,100.74,104.38,97.069,105.86,100.195,103.4,123.14,112.499
2021/6/1,102.288,10.415,0,0,0,10.523,100.72,104.349,96.839,105.87,100.295,103.499,123.146,112.598
2021/6/2,102.297,10.42,0,0,0,10.545,100.75,104.545,96.939,105.9,100.248,103.415,123.06,112.7
2021/6/3,102.302,10.445,0,0,0,10.537,100.75,104.529,96.98,105.89,100.225,103.51,123.019,112.777
2021/6/4,102.309,10.429,0,0,0,10.538,100.694,104.199,96.921,105.856,100.554,103.401,123.052,112.742
2021/6/7,102.318,10.412,0,0,0,10.541,100.7,104.145,96.838,105.55,100.589,103.399,123,112.58
2021/6/8,102.318,10.41,0,0,0,10.53,100.552,103.898,96.766,105.51,100.833,103.698,123.018,112.478
2021/6/9,102.318,10.416,0,0,0,10.502,100.168,103.943,97.18,105.62,100.649,103.595,122.9,112.5
2021/6/10,102.316,10.432,0,0,0,10.53,100.158,104.1,96.81,105.68,100.578,103.899,122.93,112.558
2021/6/11,102.324,10.405,0,0,0,10.535,100.31,103.998,96.83,105.68,100.448,103.849,122.917,112.423
2021/6/15,102.339,10.385,0,0,0,10.52,100.519,104.18,97.05,105.68,100.499,103.835,122.72,112.3
2021/6/16,102.359,10.4,0,0,0,10.446,100.52,104.156,97.047,105.65,100.849,104.199,122.937,112.296
2021/6/17,102.364,10.416,0,0,0,10.369,100.072,104.75,96.964,105.65,100.939,104.349,122.968,112.25
2021/6/18,102.367,10.402,0,0,0,10.367,100.549,104.29,97,105.55,101.239,104.745,122.988,112.325
2021/6/21,102.378,10.413,0,0,0,10.394,100.474,104.565,97.05,105.55,100.9,104.488,123.277,112.4
2021/6/22,102.614,10.425,0,0,0,10.45,100.208,104.201,97.09,105.65,101.399,104.57,123.19,112.443
2021/6/23,102.402,10.424,0,0,0,10.498,100.209,104.498,96.997,105.845,101.948,104.798,123.169,112.38
2021/6/24,102.405,10.42,0,0,0,10.52,100.1,104.36,97.055,105.68,101.599,104.79,123.168,112.527
2021/6/25,102.424,10.418,0,0,0,10.543,100.1,104.468,96.858,105.705,101.799,104.299,123.118,112.549
2021/6/28,102.429,10.417,0,0,0,10.554,100.3,104.345,96.595,105.75,101.934,104.48,123.318,112.57
2021/6/29,102.442,10.417,0,0,0,10.556,100.2,104.405,96.374,105.7,101.48,104.399,123.388,112.599
2021/6/30,102.83,10.427,0,0,0,10.514,100.201,104.45,96.449,105.8,101.4,104.749,123.699,112.777
2021/7/1,102.46,10.439,0,0,0,10.523,100.52,104.498,96.396,105.945,101.389,104.374,123.699,112.945
2021/7/2,102.466,10.443,0,0,0,10.466,100.4,104.45,96.35,105.8,101.664,104.45,123.592,112.97
2021/7/5,102.492,10.441,0,0,0,10.454,100.4,104.5,96.338,105.99,101.45,104.749,123.636,113.06
2021/7/6,102.509,10.489,0,0,0,10.467,100.3,105.249,96.35,106.05,101.369,104.75,123.546,112.988
2021/7/7,102.523,10.599,0,0,0,10.538,100.829,105.188,96.345,106.055,102.429,104.745,123.779,113.1
2021/7/8,102.537,10.7,0,0,0,10.592,100.798,105.788,96.422,106.3,101.89,105.274,123.85,113.444
2021/7/9,102.587,10.523,0,0,0,10.611,100.4,105.9,96.61,106.3,101.949,106.307,123.889,113.739
2021/7/12,102.602,10.485,0,0,0,10.698,100.7,105.945,96.541,106.59,101.699,105.92,123.934,113.717
2021/7/13,102.648,10.499,0,0,0,10.73,100.823,106.3,96.569,106.81,101.544,105.301,124.286,114.16
2021/7/14,102.646,10.495,0,0,0,10.739,101.187,106.8,96.519,107.1,103.8,105.74,124.318,114.44
2021/7/15,102.661,10.497,0,0,0,10.737,100.679,106.5,96.529,107.15,101.887,106,124.273,114.38
2021/7/16,102.675,10.503,0,0,0,10.79,100.697,106.45,96.815,106.95,101.517,106.9,124.148,114.06
2021/7/19,102.691,10.502,0,0,0,10.765,100.62,106.443,96.662,106.903,101.567,105.591,124.15,113.99
2021/7/20,102.715,10.507,0,0,0,10.709,100.74,106.41,96.92,107,102,105.75,124.394,114.2
2021/7/21,102.73,10.507,0,0,0,10.807,100.6,106.361,96.887,107.3,102.43,106.099,124.38,114.2
2021/7/22,102.744,10.51,0,0,0,10.865,100.6,106.361,96.827,107.2,101.846,106.276,124.371,114.285
2021/7/23,102.765,10.523,0,0,0,10.904,100.401,106.311,96.766,106.9,102.2,106.46,124.397,114.266
2021/7/26,102.776,10.547,0,0,0,10.887,100.401,106.36,96.788,107.11,101.975,106.649,124.805,114.452
2021/7/27,102.795,10.522,0,0,0,10.829,100.401,107.5,96.998,107.35,102.245,106.9,124.989,114.519
2021/7/28,102.797,10.558,0,0,0,10.78,100.401,106.35,96.831,107.1,102.598,106.635,124.983,114.59
2021/7/29,102.793,10.535,0,0,0,10.731,100.555,106.3,96.847,107.1,102.556,106.92,124.812,114.411
2021/7/30,102.807,10.535,0,0,0,10.772,100.401,106.3,96.875,107.25,102.477,106.9,124.866,114.63
2021/8/2,102.819,10.489,0,0,0,10.843,100.69,107.098,97.065,107.92,102.84,106.74,125.22,115.265
2021/8/3,102.846,10.48,0,0,0,10.861,100.69,107.1,96.937,107.92,103.379,107.011,125.25,115.2
2021/8/4,102.861,10.385,0,0,0,10.889,100.597,106.85,96.987,107.8,103.3,106.92,125.161,115.24
2021/8/5,102.869,10.46,0,0,0,10.893,100.399,107.639,97.035,107.8,102.8,106.796,125.05,115.1
2021/8/6,102.901,10.4,0,0,0,10.892,100.35,107.75,97.19,107.82,103.431,106.834,125.054,115.047
2021/8/9,102.913,10.325,0,0,0,10.883,100.25,107.68,97.132,107.5,102.765,107.113,125.059,115.013
2021/8/10,102.912,10.308,0,0,0,10.902,100.45,107.63,97.138,107.5,103.15,106.845,124.778,114.615
2021/8/11,102.911,10.37,0,0,0,10.966,100.45,107.571,97.171,107.5,102.795,107.1,124.664,114.5
2021/8/12,102.924,10.353,0,0,0,10.989,100.27,107.55,97.196,107.6,103.2,106.72,124.675,114.441
2021/8/13,102.944,10.417,0,0,0,11.013,100.396,107.55,97.245,107.6,103.07,107.05,124.93,114.499
2021/8/16,102.952,10.368,0,0,0,11.025,101.4,107.5,97.279,107.6,102.824,107.076,124.978,114.551
2021/8/17,102.96,10.354,0,0,0,11.005,100.8,107.5,97.322,107.6,102.72,107,125.099,114.566
2021/8/18,102.966,10.334,0,0,0,10.924,101.288,107.45,97.368,107.625,103.108,107.351,125.185,114.832
2021/8/19,102.978,10.399,0,0,0,10.914,101.285,107.45,97.4,107.798,102.962,106.95,125.239,114.87
2021/8/20,102.998,10.361,0,0,0,10.92,100.577,107.497,97.429,107.65,102.724,106.9,125.263,114.878
2021/8/23,103.007,10.354,0,0,0,10.952,100.5,107.9,97.466,107.848,102.88,106.92,125.216,114.848
2021/8/24,103.011,10.396,0,0,0,11.012,100.72,107.909,97.455,107.798,102.654,106.878,125.09,114.95
2021/8/25,103.015,10.365,0,0,0,11.042,100.6,107.899,97.471,107.7,102.612,106.998,125.235,115.16
2021/8/26,103.023,10.368,0,0,0,11.069,100.397,107.949,97.438,107.66,102.63,106.864,125.135,114.89
2021/8/27,103.033,10.369,0,0,0,11.072,100.499,107.849,97.429,107.7,101.935,106.4,124.925,114.692
2021/8/30,103.035,10.402,0,0,0,11.135,100.524,107.658,97.416,107.55,101.769,106.249,124.936,114.655
2021/8/31,103.042,10.46,0,0,0,11.147,100.313,107.5,97.372,107.55,101.814,106.25,125.04,114.739
2021/9/1,103.046,10.448,0,0,0,11.184,100.253,107.888,97.995,107.7,101.886,106.649,125.156,115.049
2021/9/2,103.058,10.42,0,0,0,11.343,100.313,107.451,97.493,108,101.798,106.849,125.14,115.008
2021/9/3,103.078,10.381,0,0,0,11.433,100.245,107.45,97.505,107.75,101.828,106.9,125.135,115.04
2021/9/6,103.088,10.366,0,0,0,11.387,100.27,107.495,97.56,107.999,101.698,106.759,125.143,115.108
2021/9/7,103.097,10.371,0,0,0,11.526,100.4,107.799,97.58,107.999,101.651,106.65,125.01,114.989
2021/9/8,103.103,10.39,0,0,0,11.584,100.4,107.82,97.59,107.999,101.697,106.569,124.944,114.9
2021/9/9,103.107,10.384,0,0,0,11.564,100.547,107.65,97.6,107.999,101.615,106.526,124.933,114.832
2021/9/10,103.123,10.415,0,0,0,11.627,100.39,107.55,97.646,107.9,101.6,106.66,124.963,114.8
2021/9/13,103.127,10.388,0,0,0,11.573,100.499,107.53,97.58,107.8,101.554,106.503,124.919,114.793
2021/9/14,103.132,10.384,0,0,0,11.588,100.8,107.52,97.59,107.7,101.761,106.61,124.879,114.587
2021/9/15,103.131,10.391,0,0,0,11.465,100.44,107.848,97.637,107.555,101.84,106.563,124.895,114.61
2021/9/16,103.135,10.381,0,0,0,11.48,100.4,107.65,97.61,107.35,101.805,107.478,124.789,114.505
2021/9/17,103.149,10.371,0,0,0,11.295,100.35,107.7,96.597,107.6,101.551,106.46,124.769,114.75
2021/9/22,103.153,10.367,0,0,0,11.3,100.258,107.549,96.586,107.6,101.999,106.75,124.926,114.745
2021/9/23,103.169,10.372,0,0,0,11.39,100.997,107.508,96.498,107.6,102.628,107.019,125.095,114.796
2021/9/24,103.183,10.365,0,0,0,11.372,100.44,107.495,96.444,107.6,102.047,106.89,125.062,114.785
2021/9/27,103.183,10.361,0,0,0,11.308,100.448,107.462,96.365,107.9,102.127,106.97,125.035,114.845
2021/9/28,103.183,10.353,0,0,0,11.145,100.499,108,96.312,107.85,101.958,106.597,125.098,114.816
2021/9/29,103.77,10.386,0,0,0,11.126,100.449,107.8,96.318,107.5,101.884,106.394,125.338,114.999
2021/9/30,103.24,10.352,0,0,0,11.118,100.88,107.75,96.299,108,101.884,106.414,125.494,115
2021/10/8,103.273,10.382,0,0,0,11.196,100.55,107.8,96.325,107.8,101.904,106.3,125.397,114.923
2021/10/11,103.291,10.353,0,0,0,11.122,100.8,107.845,96.475,107.8,101.854,106.244,125.188,114.752
2021/10/12,103.293,10.375,0,0,0,11.078,100.699,107.651,96.34,107.53,101.799,106.188,125.08,114.66
2021/10/13,103.294,10.353,0,0,0,10.916,101.188,108.012,96.299,107.53,101.799,106.188,124.856,114.55
2021/10/14,103.299,10.349,0,0,0,10.955,101.45,107.875,96.293,107.45,101.749,106.138,124.835,114.588
2021/10/15,103.317,10.349,0,0,0,11.004,100.649,108.09,96.329,107.45,101.701,106.08,124.83,114.468
2021/10/18,103.331,10.376,0,0,0,11.065,101.05,107.8,96.36,107.45,101.55,105.9,124.772,114.417
2021/10/19,103.331,10.347,0,0,0,11.133,100.8,108.8,96.38,107.15,101.488,105.75,124.43,114.059
2021/10/20,103.331,10.345,0,0,0,11.165,100.85,108.696,96.366,107.125,101.475,105.728,124.448,114.1
2021/10/21,103.337,10.346,0,0,0,11.152,101.798,108.3,96.979,107.4,101.525,105.76,124.604,114.249
2021/10/22,103.36,10.348,0,0,0,11.156,101.555,109.14,96.58,107.4,101.569,105.79,124.6,114.35
2021/10/25,103.366,10.359,0,0,0,11.135,101.99,108.8,96.625,107.65,101.699,105.9,124.502,114.32
2021/10/26,103.379,10.355,0,0,0,11.179,102.161,108.39,96.72,107.65,101.68,105.95,124.598,114.318
2021/10/27,103.392,10.355,0,0,0,11.154,102.49,108.099,96.655,107.65,101.739,105.939,124.639,114.43
2021/10/28,103.402,10.362,0,0,0,11.185,102.45,108.999,96.659,107.65,101.739,105.925,124.622,114.417
2021/10/29,103.422,10.368,0,0,0,11.088,102.6,108.5,96.512,107.65,101.73,105.957,124.69,114.569
2021/11/1,103.431,10.37,0,0,0,11.182,101.982,108.55,96.66,107.56,102.15,106.122,124.78,114.685
2021/11/2,103.44,10.375,0,0,0,11.206,102,108.287,96.735,107.73,102.076,106.103,124.888,114.94
2021/11/3,103.455,10.469,0,0,0,11.166,101.95,108.33,96.889,107.87,102.088,106.15,125.032,115.26
2021/11/4,103.466,10.387,0,0,0,11.243,101.85,108.268,96.928,107.87,102.25,106.202,124.985,115.105
2021/11/5,103.491,10.393,0,0,0,11.229,101.85,109.028,96.949,108.45,102.379,106.399,125.159,115.25
2021/11/8,103.503,10.398,0,0,0,11.181,101.94,109.807,97.02,108.35,102.271,106.629,125.336,115.22
2021/11/9,103.515,10.399,0,0,0,11.243,102.1,109.13,97.069,103.49,102.262,106.54,125.179,115.153
2021/11/10,103.535,10.398,0,0,0,11.244,102.589,109.957,97.05,103.6,102.25,106.499,125.238,115.242
2021/11/11,103.53,10.398,0,0,0,11.35,102.8,109.05,97.05,103.5,102.2,106.438,125.248,115.088
2021/11/12,103.553,10.395,0,0,0,11.416,102,109,97.399,103.49,102.13,106.599,125.185,114.897
2021/11/15,103.566,10.45,0,0,0,11.444,102.8,108.75,97.099,103.58,102.177,106.4,125.162,115.185
2021/11/16,103.575,10.398,0,0,0,11.395,101.545,108.699,97.099,103.79,102.465,106.62,125.243,115.233
2021/11/17,103.58,10.398,0,0,0,11.408,101.525,108.645,97.087,103.85,102.459,106.75,125.265,115.208
2021/11/18,103.586,10.399,0,0,0,11.394,101.8,108.648,97.14,103.66,101.4,105.82,125.37,115.395
2021/11/19,103.606,10.403,0,0,0,11.465,101.9,108.648,97.19,103.77,101.32,105.815,125.398,115.435
2021/11/22,103.614,10.406,0,0,0,11.567,101.74,108.8,97.219,103.78,101.35,105.85,125.288,115.298
2021/11/23,103.62,10.408,0,0,0,11.585,101.8,108.92,97.2,103.77,101.3,105.853,125.266,115.249
2021/11/24,103.63,10.413,0,0,0,11.571,101.45,109.832,97.195,103.77,101.299,105.83,125.378,115.395
2021/11/25,103.637,10.413,0,0,0,11.559,101.5,108.838,97.217,103.77,101.46,105.866,125.49,115.336
2021/11/26,103.662,10.414,0,0,0,11.535,101.78,109.08,97.222,103.77,101.49,106,125.818,115.632
2021/11/29,103.673,10.418,0,0,0,11.601,101.445,109.079,97.266,103.77,101.579,106.075,125.698,115.605
2021/11/30,103.668,10.422,0,0,0,11.664,101.55,108.959,97.301,103.99,101.579,105.982,125.561,115.553
2021/12/1,103.684,10.423,0,0,0,11.658,101.99,108.998,97.4,103.8,102.488,105.981,125.579,115.421
2021/12/2,103.696,10.423,0,0,0,11.69,101.997,109.21,97.659,104,101.76,106.15,125.5,115.48
2021/12/3,103.716,10.427,0,0,0,11.755,101.7,109.115,97.45,103.933,102.6,106.5,125.437,115.49
2021/12/6,103.729,10.438,0,0,0,11.777,101.8,109.05,97.45,103.933,102.099,106.713,125.545,115.661
2021/12/7,103.753,10.439,0,0,0,11.676,102,109.04,97.48,103.933,101.879,106.55,125.522,115.611
2021/12/8,103.765,10.449,0,0,0,11.585,101.75,108.995,97.5,103.89,101.775,106.562,125.473,115.482
2021/12/9,103.768,10.433,0,0,0,11.659,101.753,109.54,97.509,104,101.673,106.46,125.498,115.45
2021/12/10,103.774,10.435,0,0,0,11.673,101.8,109.234,97.547,103.937,101.75,106.364,125.508,115.5
2021/12/13,103.793,10.455,0,0,0,11.753,102.09,109.145,97.587,104,101.765,106.304,125.521,115.536
2021/12/14,103.809,10.548,0,0,0,11.715,101.9,108.557,97.599,104.2,101.75,106.37,125.877,115.734
2021/12/15,103.808,10.38,0,0,0,11.683,101.8,108.53,97.623,104.2,101.759,106.37,125.797,115.619
2021/12/16,103.808,10.361,0,0,0,11.733,101.956,108.5,97.599,104.1,101.82,106.42,125.743,115.597
2021/12/17,103.807,10.369,0,0,0,11.737,101.89,108.499,97.5,104.2,101.699,106.485,125.839,115.715
2021/12/20,103.829,10.373,0,0,0,11.71,101.8,108.798,97.442,104.1,101.485,106.4,125.899,115.65
2021/12/21,103.823,10.387,0,0,0,11.689,101.928,108.515,97.378,104.1,101.449,106.22,125.774,115.564
2021/12/22,103.813,10.368,0,0,0,11.746,101.91,108.379,97.112,104.1,101.268,106.394,125.858,115.752
2021/12/23,103.82,10.368,0,0,0,11.82,101.95,108.595,97.25,104.25,100.982,106.199,125.939,115.894
2021/12/24,103.831,10.369,0,0,0,11.847,101.99,108.599,97.548,104.2,101.3,106.166,126.013,115.893
2021/12/27,103.862,10.37,0,0,0,11.791,101.925,108.79,97.548,104.3,100.945,106.01,126.024,116.15
2021/12/28,103.874,10.373,0,0,0,11.754,101.8,108.6,96.96,104.3,100.985,105.893,126.039,116.18
2021/12/29,103.948,10.376,0,0,0,11.737,101.849,108.595,97.187,104.47,100.999,105.72,126.13,116.079
2021/12/30,103.939,10.381,0,0,0,11.764,101.9,108.269,97.185,104.45,100.869,105.416,126.399,116.265
2021/12/31,104.221,10.383,0,0,0,11.799,101.85,108.625,96.985,104.45,101.409,105.798,126.56,116.29
2022/1/4,103.933,10.386,0,0,0,11.841,101.995,108.57,97.498,104.6,101.273,105.459,126.435,116.4
2022/1/5,103.931,10.448,0,0,0,11.833,102,108.52,97.349,104.55,101.41,105.628,126.418,116.358
2022/1/6,103.949,10.386,0,0,0,11.777,101.899,108.61,97.291,104.64,101.602,105.699,126.283,116.32
2022/1/7,103.978,10.386,0,0,0,11.807,101.849,108.403,97.245,104.53,101.7,105.78,126.263,116.531
2022/1/10,103.991,10.386,0,0,0,11.795,101.899,108.449,97.444,104.55,101.536,105.799,126.368,116.368
2022/1/11,104.027,10.39,0,0,0,11.806,102.498,108.4,97.389,104.7,101.776,105.98,126.617,116.429
2022/1/12,104.04,10.4,0,0,0,11.8,102.15,108.599,97.324,104.7,101.881,106.077,126.588,116.353
2022/1/13,104.052,10.394,0,0,0,11.813,102.8,108.47,97.522,104.8,102.152,106.137,126.599,116.393
2022/1/14,104.069,10.402,0,0,0,11.75,102.085,108.46,97.43,104.85,102.164,106.34,126.869,116.579
2022/1/17,104.069,10.409,0,0,0,11.859,102.25,108.528,97.799,105.05,102.356,106.566,127.014,116.73
2022/1/18,104.089,10.41,0,0,0,11.91,102.2,108.487,97.999,105.2,102.468,106.747,127.231,116.867
2022/1/19,104.097,10.408,0,0,0,11.941,102.5,108.598,98.076,105.5,102.773,107.1,127.372,118.006
2022/1/20,104.113,10.412,0,0,0,11.962,102.45,108.5,98.299,105.6,102.897,107.049,127.164,117.09
2022/1/21,104.138,10.42,0,0,0,11.933,102.599,108.448,98.332,105.6,103.495,107.595,127.434,117.35
2022/1/24,104.157,10.419,0,0,0,11.926,102.448,108.538,98.429,105.8,102.9,108.478,127.999,117.653
2022/1/25,104.173,10.425,0,0,0,11.91,102.5,108.519,98.55,106,102.858,108.499,127.998,117.7
2022/1/26,104.176,10.442,0,0,0,11.83,102.47,108.429,98.898,105.94,102.836,108.228,127.842,117.566
2022/1/27,104.173,10.428,0,0,0,11.822,102.55,108.3,98.75,105.7,102.757,108.003,127.399,117.286
2022/1/28,104.218,10.458,0,0,0,11.813,102.85,108.56,98.85,105.75,102.85,108.298,127.469,117.314
2022/2/7,104.21,10.431,0,0,0,11.829,103.675,108.589,98.998,105.9,102.868,107.901,127.499,117.091
2022/2/8,104.249,10.449,0,0,0,12.016,104.027,108.797,99.048,105.8,102.948,108.289,127.554,117.356
2022/2/9,104.267,10.446,0,0,0,12.143,103.498,108.789,99,105.795,102.999,108.55,127.739,117.287
2022/2/10,104.276,10.44,0,0,0,12.19,103.314,108.89,99.498,105.77,103.049,108.374,127.697,117.356
2022/2/11,104.298,10.44,0,0,0,12.2,103.179,108.744,99.309,105.5,102.999,108.24,127.637,117.195
2022/2/14,104.313,10.433,0,0,0,12.099,103.5,108.678,99.397,105.3,102.9,107.98,127.18,116.9
2022/2/15,104.322,10.431,0,0,0,11.84,103.349,108.698,99.11,105.25,103,107.8,127.069,116.7
2022/2/16,104.33,10.43,0,0,0,11.643,103.35,108.676,99.368,105.25,102.88,107.67,127.152,116.747
2022/2/17,104.335,10.432,0,0,0,11.65,103.248,108.648,99.075,105.3,102.999,107.999,127.238,116.847
2022/2/18,104.36,10.432,0,0,0,11.756,103.299,108.649,98.881,105.4,102.899,107.809,127.194,116.88
2022/2/21,104.36,10.431,0,0,0,11.786,103.248,108.779,98.88,105.3,102.8,107.629,127.023,116.741
2022/2/22,104.36,10.427,0,0,0,11.74,103,108.63,98.795,105.003,102.83,107.651,126.806,116.452
2022/2/23,104.362,10.422,0,0,0,11.747,102.9,108.849,99.298,105.1,102.972,107.741,126.85,116.528
2022/2/24,104.363,10.424,0,0,0,11.725,102.85,108.949,98.979,105.3,102.82,107.74,126.951,116.75
2022/2/25,104.365,10.422,0,0,0,11.804,102.84,108.799,98.949,105.25,102.805,107.209,126.989,116.687
2022/2/28,104.368,10.409,0,0,0,11.815,102.788,108.769,98.769,105.3,102.904,107.09,127.098,116.84
2022/3/1,104.383,10.399,0,0,0,11.876,102.648,108.75,98.797,105.25,102.901,107.103,127.014,116.792
2022/3/2,104.39,10.385,0,0,0,11.876,102.649,108.727,98.91,105.2,102.862,106.695,126.797,116.572
2022/3/3,104.397,10.369,0,0,0,11.914,102.55,108.718,99.498,104.903,102.852,106.704,126.93,116.533
2022/3/4,104.406,10.37,0,0,0,11.789,102.65,108.7,99.101,105.049,102.798,106.891,126.779,116.346
2022/3/7,104.408,10.366,0,0,0,11.629,102.649,108.8,98.988,105.049,102.832,106.81,127.088,116.411
2022/3/8,104.41,10.363,0,0,0,11.458,102.42,108.745,99.11,105.049,102.828,106.985,127.139,116.546
2022/3/9,104.409,10.369,0,0,0,11.24,102.6,108.719,99.05,105.1,102.841,107,127.125,116.544
2022/3/10,104.402,10.348,0,0,0,11.275,102.7,108.64,99.18,104.997,102.88,106.97,127.07,116.353
2022/3/11,104.403,10.34,0,0,0,11.263,102.954,108.688,99.181,104.85,102.873,106.838,127.109,116.631
2022/3/14,104.402,10.339,0,0,0,11.295,103.1,108.689,98.933,105.45,103,107.11,127.45,117.229
2022/3/15,104.426,10.339,0,0,0,11.177,103.145,108.787,98.901,105.6,103.1,107.299,127.489,117.238
2022/3/16,104.422,10.337,0,0,0,11.278,103.4,108.95,98.886,105.3,103.99,107.361,127.37,117.208
2022/3/17,104.415,10.327,0,0,0,11.399,103.049,108.998,98.598,105.4,103.5,107.115,127.007,116.733
2022/3/18,104.418,10.329,0,0,0,11.294,102.999,109.328,98.398,105.44,102.6,107.112,127.16,116.832
2022/3/21,104.425,10.359,0,0,0,11.299,103.979,109.296,98.399,105.49,102.31,107.05,127.178,116.815
2022/3/22,104.453,10.342,0,0,0,11.238,103.639,109.549,97.873,105.4,102.161,106.573,127.006,116.681
2022/3/23,104.459,10.334,0,0,0,11.218,103.4,109.4,97.849,105.28,101.643,106.79,127.217,116.675
2022/3/24,104.476,10.331,0,0,0,11.14,103.378,109.375,97.56,105.15,101.627,106.662,127.17,116.713
2022/3/25,104.495,10.333,0,0,0,11.027,103.3,109.359,97.635,105.45,102.056,107.1,127.3,116.9
2022/3/28,104.506,10.344,0,0,0,10.931,103.348,109.33,97.488,105.4,102.176,106.969,127.35,117.01
2022/3/29,104.537,10.357,0,0,0,10.884,103.4,109.45,97.488,105.45,102.129,106.995,127.39,116.991
2022/3/30,104.526,10.337,0,0,0,11.139,103.25,108.689,97.37,105.426,102.098,106.963,127.197,117.069
2022/3/31,104.536,10.345,0,0,0,11.139,103.4,108.8,97.479,105.537,101.925,106.862,127.188,117.087
2022/4/1,104.573,10.346,0,0,0,11.248,103.28,109.015,97.485,105.439,101.7,106.718,127.166,117.068
2022/4/6,104.574,10.345,0,0,0,11.261,104.272,109.098,97.649,105.562,101.999,107.15,127.39,117.255
2022/4/7,104.595,10.356,0,0,0,11.185,103.5,109.044,97.87,105.562,102.099,107.397,127.489,117.29
2022/4/8,104.636,10.367,0,0,0,11.167,103.46,109,98.22,105.75,102.198,107.529,127.659,117.52
2022/4/11,104.673,10.365,0,0,0,11.1,103.55,109.199,98.358,105.8,102.245,107.761,127.647,117.78
2022/4/12,104.695,10.367,0,0,0,11.089,103.6,109.25,98.444,105.7,102.233,107.644,127.555,117.571
2022/4/13,104.703,10.366,0,0,0,11.1,103.44,109.465,98.3,105.62,102.26,107.592,127.486,117.493
2022/4/14,104.7,10.387,0,0,0,11.103,103.55,109.4,98.275,105.749,102.399,107.743,127.8,117.56
2022/4/15,104.731,10.377,0,0,0,11.105,103.4,109.328,98.205,105.75,102.609,107.755,127.668,117.56
2022/4/18,104.745,10.405,0,0,0,11.172,103.6,109.749,98.347,105.8,102.459,107.573,127.483,117.35
2022/4/19,104.76,10.386,0,0,0,11.199,103.3,109.65,98.98,105.6,102.324,107.555,127.459,117.19
2022/4/20,104.785,10.391,0,0,0,11.199,103.6,110.66,98.648,105.45,102.34,107.564,127.434,117.07
2022/4/21,104.817,10.381,0,0,0,11.126,103.399,110.578,98.41,105.449,102.35,107.714,127.449,117.112
2022/4/22,104.809,10.385,0,0,0,11.033,103.4,110.3,98.276,105.448,102.379,107.595,127.405,117.34
2022/4/25,104.812,10.397,0,0,0,10.959,103.6,110.318,98.398,105.512,102.368,107.725,127.401,117.399
2022/4/26,104.836,10.408,0,0,0,10.86,103.329,110.44,98.395,105.603,102.35,107.66,127.394,117.38
2022/4/27,104.859,10.398,0,0,0,10.97,103.8,110.25,98.25,105.55,102.348,107.58,127.403,117.309
2022/4/28,104.859,10.398,0,0,0,10.98,103.699,110.27,98.153,105.299,102.344,107.59,127.399,117.275
2022/4/29,104.9,10.39,0,0,0,11.17,103.5,110.25,98.299,105.3,102.325,107.54,127.398,117.3
2022/5/5,104.899,10.388,0,0,0,11.105,103.8,110.249,98.361,105.3,102.31,107.489,127.423,117.25
2022/5/6,104.918,10.394,0,0,0,11.013,103.8,110.449,98.44,105.452,102.324,107.5,127.579,117.222
2022/5/9,104.93,10.396,0,0,0,10.956,103.5,110.245,98.439,105.499,102.406,107.831,127.4,117.285
2022/5/10,104.936,10.397,0,0,0,10.984,103.44,110.249,98.699,105.595,102.549,107.66,127.649,117.45
2022/5/11,104.947,10.396,0,0,0,11.114,103.45,110.245,98.775,105.595,102.569,107.83,127.679,117.499
2022/5/12,104.968,10.398,0,0,0,11.14,103.444,110.5,98.77,105.594,102.438,108.027,127.751,117.447
2022/5/13,104.988,10.412,0,0,0,11.225,103.42,110.539,98.895,105.7,102.574,108.07,127.835,117.539
2022/5/16,105.018,10.415,0,0,0,11.22,103.39,110.405,98.68,105.7,102.499,107.832,127.756,117.525
2022/5/17,105.037,10.43,0,0,0,11.176,103.5,110.278,98.588,105.501,102.45,107.629,127.91,117.456
2022/5/18,105.055,10.442,0,0,0,11.209,103.435,110.156,98.59,105.763,102.479,107.568,128.145,117.52
2022/5/19,105.065,10.437,0,0,0,11.226,103.45,110.094,98.529,105.764,102.699,107.498,128.193,117.59
2022/5/20,105.076,10.447,0,0,0,11.279,103.8,109.854,98.529,105.95,102.663,107.23,128.06,117.522
2022/5/23,105.09,10.455,0,0,0,11.276,103.48,109.83,98.849,105.755,102.663,107.595,128.02,117.628
2022/5/24,105.105,10.446,0,0,0,11.264,103.75,110.596,98.889,105.9,102.697,107.945,128.27,117.729
2022/5/25,105.114,10.462,0,0,0,11.204,103.352,110.639,99.047,105.95,102.889,108.154,128.23,117.9
2022/5/26,105.105,10.455,0,0,0,11.282,103.391,110.884,99.179,106.15,102.994,108.665,128.344,118.195
2022/5/27,105.111,10.454,0,0,0,11.304,103.469,110.999,99.39,106.25,103.005,108.861,128.364,118.28
2022/5/30,105.12,10.453,0,0,0,11.288,103.446,111.08,99.12,106.387,102.7,108.48,128.149,118.135
2022/5/31,105.127,10.452,0,0,0,11.299,103.42,110.778,99.272,106.3,102.323,108.105,127.999,117.998
2022/6/1,105.133,10.447,0,0,0,11.288,103.46,110.739,99.195,106.099,102.387,108,127.939,117.869
2022/6/2,105.148,10.443,0,0,0,11.263,103.55,110.71,99.348,106.099,102.502,107.928,127.84,117.9
2022/6/6,105.152,10.441,0,0,0,11.29,103.48,110.7,99.288,105.949,102.399,107.798,127.83,117.79
2022/6/7,105.139,10.423,0,0,0,11.308,103.447,110.67,98.979,105.9,102.399,107.749,127.85,117.699
2022/6/8,105.128,10.427,0,0,0,11.3,103.488,110.63,99.025,106.1,102.388,107.71,127.839,117.779
2022/6/9,105.129,10.425,0,0,0,11.308,104.1,110.62,98.953,106.1,102.424,107.88,127.8,117.898
2022/6/10,105.163,10.43,0,0,0,11.354,104,110.61,99.099,106,102.47,107.845,127.879,118
2022/6/13,105.168,10.428,0,0,0,11.35,104.9,110.704,99.19,106.049,102.433,107.8,127.749,118
2022/6/14,105.179,10.417,0,0,0,11.278,104.25,110.798,99.158,105.999,102.39,107.804,127.742,117.925
2022/6/15,105.169,10.417,0,0,0,11.427,103.9,110.705,99.099,105.999,102.339,107.73,127.771,117.8
2022/6/16,105.168,10.41,0,0,0,11.445,104.1,110.673,99.128,105.95,102.495,107.73,127.742,117.859
2022/6/17,105.195,10.409,0,0,0,11.454,103.98,110.689,99.17,106.089,102.412,107.958,127.77,117.777
2022/6/20,105.207,10.419,0,0,0,11.427,103.8,110.72,99.135,106.04,102.431,107.909,127.733,117.78
2022/6/21,105.215,10.42,0,0,0,11.445,103.72,110.98,99.175,105.999,102.387,107.81,127.77,117.717
2022/6/22,105.234,10.43,0,0,0,11.434,103.75,110.79,99.2,105.999,102.397,107.717,127.829,117.8
2022/6/23,105.237,10.431,0,0,0,11.469,103.74,111.4,99.348,105.867,102.393,107.714,127.818,117.8
2022/6/24,105.26,10.334,0,0,0,11.485,103.72,111.39,99.445,105.899,102.349,107.706,127.874,117.832
2022/6/27,105.264,10.329,0,0,0,11.54,103.99,110.948,98.55,106,102.363,107.688,127.779,117.664
2022/6/28,105.269,10.33,0,0,0,11.588,103.821,110.902,98.269,105.701,102.189,107.45,127.799,117.464
2022/6/29,105.267,10.329,0,0,0,11.67,103.78,110.93,98.24,105.9,102.223,107.462,127.796,117.55
2022/6/30,105.309,10.328,0,0,0,11.64,103.7,111.05,98.267,105.79,102.19,107.445,127.83,117.658
2022/7/1,105.297,10.328,0,0,0,11.74,103.719,110.82,98.31,105.78,102.17,107.535,127.97,117.65
2022/7/4,105.292,10.327,0,0,0,11.775,103.649,110.74,98.3,105.7,102.124,107.585,127.94,117.645
2022/7/5,105.296,10.326,0,0,0,11.761,103.61,110.85,98.291,105.456,102.089,107.471,127.78,117.476
2022/7/6,105.307,10.33,0,0,0,11.738,103.64,110.75,98.293,105.501,102.064,107.39,127.665,117.578
2022/7/7,105.331,10.328,0,0,0,11.678,103.66,110.7,98.332,105.779,102.08,107.458,127.649,117.699
2022/7/8,105.359,10.325,0,0,0,11.708,103.9,110.66,98.29,105.844,102.089,107.434,127.647,117.69
2022/7/11,105.358,10.331,0,0,0,11.685,103.82,110.95,98.315,105.85,102.075,107.436,127.66,117.799
2022/7/12,105.368,10.343,0,0,0,11.647,103.71,110.7,98.539,106,102.124,107.44,127.7,117.808
2022/7/13,105.369,10.339,0,0,0,11.598,103.769,110.632,98.5,106.095,102.109,107.439,127.856,117.989
2022/7/14,105.377,10.353,0,0,0,11.64,103.75,110.68,98.676,106.095,102.099,107.48,127.858,117.956
2022/7/15,105.392,10.366,0,0,0,11.71,103.84,110.58,98.719,106.077,102.124,107.82,128.055,118.103
2022/7/18,105.412,10.358,0,0,0,11.688,103.785,110.464,98.873,106.349,102.124,107.844,128.04,118.166
2022/7/19,105.435,10.36,0,0,0,11.748,104.05,110.448,98.83,106.2,102.087,107.726,127.97,117.982
2022/7/20,105.447,10.367,0,0,0,11.855,104.5,110.37,98.8,106.2,102.078,107.745,127.95,118.041
2022/7/21,105.45,10.371,0,0,0,11.827,103.93,110.662,98.935,106.2,102.15,107.871,128.08,121.5
2022/7/22,105.471,10.372,0,0,0,11.776,103.88,110.65,98.868,106.348,102.616,107.85,128.136,118.144
2022/7/25,105.486,10.368,0,0,0,11.668,103.9,110.89,98.969,106.25,102.501,107.842,128.142,118.323
2022/7/26,105.488,10.359,0,0,0,11.721,103.85,110.84,99.163,106.25,102.593,107.891,128.36,118.34
2022/7/27,105.501,10.378,0,0,0,11.768,104.4,111.6,99.085,106.584,102.599,107.958,128.399,118.474
2022/7/28,105.504,10.362,0,0,0,11.825,104.2,111.2,99.056,106.4,102.601,107.921,128.375,118.425
2022/7/29,105.522,10.36,0,0,0,11.9,104.02,110.927,99.182,106.32,102.602,107.957,128.81,118.777
2022/8/1,105.545,10.375,0,0,0,11.862,104.12,111.25,99.218,106.501,102.755,108.176,128.698,118.914
2022/8/2,105.553,10.369,0,0,0,11.855,104.15,111.23,99.255,106.799,102.848,108.5,128.889,119.17
2022/8/3,105.588,10.371,0,0,0,11.863,104.1,111.035,99.171,106.61,102.792,108.432,128.892,119.05
2022/8/4,105.604,10.368,0,0,0,11.803,104.8,111.3,99.169,106.61,102.836,108.476,129.115,119.264
2022/8/5,105.615,10.37,0,0,0,11.799,104.31,110.972,99.386,106.849,102.899,108.678,128.985,119.242
2022/8/8,105.616,10.379,0,0,0,11.843,104.47,110.987,99.284,106.849,102.898,108.573,128.868,119.119
2022/8/9,105.626,10.371,0,0,0,11.862,104.8,111.039,99.43,106.899,102.877,108.654,128.898,119.042
2022/8/10,105.623,10.368,0,0,0,11.862,104.41,110.951,99.408,106.85,103.02,108.664,128.938,119.212
2022/8/11,105.615,10.362,0,0,0,11.896,104.4,110.987,99.417,106.651,102.96,108.6,128.85,119.14
2022/8/12,105.604,10.36,0,0,0,11.948,104.6,110.998,99.386,106.899,103.037,108.576,128.842,119.042
2022/8/15,105.604,10.36,0,0,0,12.018,105.444,111.888,99.428,107.8,103.597,109.102,132,119.5
2022/8/16,105.638,10.375,0,0,0,12.05,104.8,112.05,99.474,107.4,104.25,109.16,129.477,119.98
2022/8/17,105.627,10.431,0,0,0,12.025,104.9,111.75,99.483,107.5,104.825,108.994,129.433,119.66
2022/8/18,105.623,10.371,0,0,0,12.003,105.696,111.68,99.483,107.55,104.6,109.518,129.58,119.794
2022/8/19,105.635,10.37,0,0,0,11.959,104.9,111.68,99.618,107.7,103.772,109.42,129.621,119.984
2022/8/22,105.648,10.364,0,0,0,11.944,105.201,112.5,99.595,107.68,104.403,109.732,129.765,120.059
2022/8/23,105.658,10.367,0,0,0,11.967,104.997,111.82,99.594,107.7,103.427,109.244,129.684,119.904
2022/8/24,105.675,10.36,0,0,0,11.973,104.95,111.91,99.609,107.7,103.5,109.337,129.577,119.923
2022/8/25,105.672,10.36,0,0,0,11.799,104.85,112.28,99.61,107.55,103.739,109.295,129.539,119.884
2022/8/26,105.672,10.363,0,0,0,11.779,104.8,112.26,99.546,107.443,102.77,108.395,129.391,119.8
2022/8/29,105.664,10.349,0,0,0,11.717,104.76,112.575,99.556,107.34,102.479,108.216,129.457,119.789
2022/8/30,105.658,10.345,0,0,0,11.718,105,112.27,99.449,107.55,102.416,108.389,129.54,119.96
2022/8/31,105.668,10.349,0,0,0,11.67,105.1,112.7,99.396,107.599,102.933,108.328,129.525,119.979
2022/9/1,105.671,10.357,0,0,0,11.593,105.102,112.244,99.394,107.551,102.564,108.363,129.545,120.08
2022/9/2,105.703,10.357,0,0,0,11.622,104.899,112.29,99.434,107.69,102.684,108.599,129.767,120.22
2022/9/5,105.728,10.357,0,0,0,11.662,104.99,112.195,99.437,107.695,102.834,108.782,129.88,120.795
2022/9/6,105.743,10.36,0,0,0,11.781,105.25,112.9,99.451,107.695,103.079,108.9,129.865,120.2
2022/9/7,105.754,10.367,0,0,0,11.818,104.851,112.55,99.575,107.65,103.076,108.748,129.811,120.018
2022/9/8,105.761,10.374,0,0,0,11.788,104.99,112.28,99.678,107.598,103.007,108.677,129.705,120
2022/9/9,105.777,10.368,0,0,0,11.744,104.89,112.229,99.634,107.749,102.974,108.744,129.735,119.996
2022/9/13,105.768,10.368,0,0,0,11.753,105.1,112.6,99.597,107.85,102.942,108.772,129.53,119.95
2022/9/14,105.769,10.365,0,0,0,11.675,105.09,112.6,99.566,107.6,102.749,108.59,129.475,119.797
2022/9/15,105.761,10.362,0,0,0,11.681,104.849,112.34,99.393,107.48,102.708,108.563,129.4,119.84
2022/9/16,105.768,10.388,0,0,0,11.59,104.8,112.252,99.243,107.49,102.706,108.561,129.307,119.749
2022/9/19,105.762,10.34,0,0,0,11.533,104.95,112.41,99.185,107.249,102.739,108.357,129.3,119.587
2022/9/20,105.756,10.324,0,0,0,11.564,104.7,112.7,99.14,107.548,102.75,108.186,129.387,119.85
2022/9/21,105.753,10.315,0,0,0,11.57,104.75,112.87,98.61,107.585,102.769,108.101,129.458,119.93
2022/9/22,105.761,10.332,0,0,0,11.578,104.46,112.42,98.85,107.588,102.732,108.14,129.428,119.948
2022/9/23,105.79,10.339,0,0,0,11.495,104.58,112.55,98.701,107.998,102.754,108.12,129.371,119.91
2022/9/26,105.788,10.323,0,0,0,11.428,104.69,112.36,98.657,107.595,102.67,108.104,129.324,119.848
2022/9/27,105.785,10.319,0,0,0,11.469,104.49,112.7,98.424,107.215,102.461,107.756,129,119.272
2022/9/28,105.74,10.308,0,0,0,11.46,104.5,112.176,98.331,107.29,102.593,107.694,128.989,119.212
2022/9/29,105.731,10.303,0,0,0,11.404,104.35,112.12,97.95,107.288,102.468,107.714,128.941,119.271
2022/9/30,105.812,10.255,0,0,0,11.345,104.329,112.05,98.19,107.19,102.927,107.782,128.78,118.979
2022/10/10,105.824,10.258,0,0,0,11.329,104.8,112.055,98.365,106.9,102.469,107.915,129.03,119.293
2022/10/11,105.856,10.249,0,0,0,11.327,104.5,112.08,98.49,107.245,102.719,108.01,129.192,119.425
2022/10/12,105.88,10.28,0,0,0,11.462,104.5,112.68,98.42,107.07,102.832,108.024,129.202,119.373
2022/10/13,105.899,10.268,0,0,0,11.487,104.811,112.18,98.3,107.159,102.584,108.024,129.16,119.368
2022/10/14,105.927,10.277,0,0,0,11.534,104.5,112.14,98.39,107.052,102.567,108.133,129.897,119.616
2022/10/17,105.9,10.289,0,0,0,11.539,104.5,112.107,98.455,107.4,102.8,108.243,129.449,119.67
2022/10/18,105.906,10.298,0,0,0,11.549,104.55,112.057,98.462,107.408,102.687,108.266,129.305,119.646
2022/10/19,105.919,10.28,0,0,0,11.502,104.5,112.06,98.4,107.4,102.69,108.376,129.359,119.644
2022/10/20,105.922,10.277,0,0,0,11.469,104.52,112.07,98.36,107.265,102.717,108.408,129.36,119.687
2022/10/21,105.927,10.281,0,0,0,11.418,104.59,112.045,98.275,107.267,102.785,108.46,129.365,119.711
2022/10/24,105.923,10.276,0,100.411,0,11.425,104.54,112.06,98.28,107.193,102.798,108.441,129.443,119.693
2022/10/25,105.926,10.267,0,100.402,100.379,11.293,104.62,112.057,98.3,107.17,102.855,108.501,129.379,119.68
2022/10/26,105.924,10.25,0,100.379,100.373,11.344,104.6,112.57,98.222,107.298,103.01,108.844,129.377,119.657
2022/10/27,105.92,10.248,0,100.401,100.485,11.333,115,112.345,98.25,107.218,103.404,108.658,129.47,119.897
2022/10/28,105.929,10.262,100.265,100.48,100.556,11.281,104.602,112.378,98.26,107.309,103.349,108.619,129.625,120.041
2022/10/31,105.937,10.245,100.28,100.533,100.59,11.184,104.802,112.3,98.194,107.617,103.32,108.685,129.703,120.274
2022/11/1,105.951,10.233,100.295,100.58,100.646,11.187,104.74,112.92,98.12,107.539,103.239,108.74,129.718,120.269
2022/11/2,105.948,10.237,100.285,100.498,100.513,11.306,104.6,112.65,98.045,107.414,103.249,108.646,129.571,120.14
2022/11/3,105.95,10.226,100.293,100.499,100.527,11.295,104.7,112.515,98.019,107.36,103.347,108.448,129.576,120.013
2022/11/4,105.952,10.232,100.288,100.46,100.481,11.417,104.65,112.38,97.87,107.617,103.144,108.469,129.575,120.045
2022/11/7,105.941,10.186,100.29,100.435,100.345,11.436,104.7,112.348,97.699,107.496,103.266,108.425,129.464,119.971
2022/11/8,105.958,10.128,100.269,100.425,100.362,11.368,105.5,112.28,97.665,107.278,103.199,108.393,129.443,120
2022/11/9,105.954,10.196,100.26,100.372,100.361,11.355,104.855,112.7,97.827,107.305,103.199,108.403,129.545,120.197
2022/11/10,105.952,10.29,100.254,100.369,100.373,11.348,104.898,112.92,97.916,107.275,103.21,108.389,129.559,120.109
2022/11/11,105.942,10.266,100.233,100.296,100.351,11.5,104.85,112.259,97.932,107.3,103.398,108.366,129.468,120.088
2022/11/14,105.92,10.242,100.1,100.115,99.965,11.483,105,111.99,97.791,106.846,103.077,108.298,129.167,119.716
2022/11/15,105.844,10.291,99.992,99.855,99.436,11.403,104.9,112.585,97.578,106.451,103.181,107.98,128.771,119.101
2022/11/16,105.777,10.223,99.989,99.81,99.44,11.386,104.8,111.93,97.858,106.481,102.779,107.933,128.8,119.13
2022/11/17,105.723,10.147,99.841,99.687,99.455,11.264,104.801,111.85,97.67,106.43,102.785,107.96,128.645,119.1
2022/11/18,105.773,10.04,100.021,99.975,99.512,11.187,104.799,111.69,97.737,106.45,103.113,108.026,128.789,119.246
2022/11/21,105.83,10.048,100.059,100.001,99.746,11.134,104.8,111.565,97.778,106.522,102.888,108.349,128.86,119.199
2022/11/22,105.857,10.046,100.026,100.002,99.759,11.156,105.2,111.527,97.73,106.551,102.81,108.644,129.105,119.25
2022/11/23,105.899,10.03,100.1,100.07,99.954,11.192,104.67,111.81,97.728,106.648,102.755,108.68,129.183,119.24
2022/11/24,105.909,10.134,100.208,100.305,100.195,11.204,105.5,112.239,97.784,106.8,102.911,108.597,129.333,119.638
2022/11/25,105.946,10.102,100.114,100.19,100.099,11.2,105.1,111.85,97.744,106.76,102.952,108.758,129.292,119.549
2022/11/28,105.955,10.102,100.14,100.145,100.03,11.164,105.1,111.795,97.725,106.715,102.899,108.798,129.19,119.48
2022/11/29,105.966,10.099,100.07,100.012,99.716,11.307,105.1,111.815,97.749,106.555,102.868,108.707,128.762,119.016
2022/11/30,105.944,10.279,100.021,99.865,99.448,11.352,105.1,111.9,97.71,106.399,102.762,108.958,128.55,118.789
2022/12/1,105.939,10.234,100.035,99.819,99.449,11.406,105.1,111.85,97.81,106.288,102.692,108.651,128.619,118.884
2022/12/2,105.965,10.25,100.05,99.929,99.631,11.386,105.1,111.885,97.999,106.519,102.65,108.576,128.675,118.99
2022/12/5,105.97,10.265,100.097,99.91,99.57,11.422,105.1,111.785,98.184,106.47,102.639,108.311,128.643,118.989
2022/12/6,106.004,10.258,100.073,99.895,99.498,11.411,104.95,111.974,98.1,106.589,102.658,108.17,128.562,118.829
2022/12/7,105.991,10.234,100.02,99.75,99.477,11.42,105,113,97.94,106.399,102.678,108.09,128.469,118.637
2022/12/8,105.985,10.24,100.004,99.809,99.6,11.302,105.1,112.08,97.619,106.679,102.596,108.129,128.618,118.918
2022/12/9,105.985,10.219,100.005,99.775,99.526,11.305,105.15,112.8,97.58,106.78,102.55,108.19,128.61,118.898
2022/12/12,105.955,10.207,99.955,99.757,99.535,11.278,105.2,112.159,97.506,106.898,102.551,108.221,128.48,118.858
2022/12/13,105.944,10.076,99.944,99.724,99.508,11.244,105.2,112.055,97.65,106.869,102.494,108.172,128.465,118.809
2022/12/14,105.918,10.029,100.997,99.8,99.709,11.165,105.25,112.063,97.275,106.747,102.358,108.281,128.47,118.94
2022/12/15,105.922,10.034,100.024,99.841,99.638,11.141,105.26,112.099,97.054,106.749,102.374,108.191,128.58,118.998
2022/12/16,105.948,10.031,100,99.81,99.508,11.131,105.22,112.09,96.28,106.85,102.268,107.446,128.549,119.034
2022/12/19,105.961,10.029,100.043,99.952,99.675,11.086,105.21,112.056,96.111,106.9,101.729,107.15,128.7,119.194
2022/12/20,105.997,10.01,100.047,99.9,99.608,10.965,105.22,112.085,96.163,106.94,101.684,107.129,128.769,119.199
2022/12/21,106,9.987,100.049,99.915,99.534,10.955,105.08,112.55,96.139,106.98,101.725,107.343,128.669,119.145
2022/12/22,105.991,9.993,100.094,99.971,99.699,10.963,105.95,112.37,96.23,107.099,101.735,107.156,128.661,119.171
2022/12/23,106.009,9.999,100.181,100.125,99.765,10.892,105.5,112.46,96.124,107.08,101.7,107.096,128.689,119.176
2022/12/26,106.09,9.975,100.225,100.13,99.77,10.943,105.182,112.187,96.127,107.19,101.711,107.279,128.728,119.222
2022/12/27,106.1,9.998,100.225,100.09,99.672,11.021,105.02,112.14,96.09,107.049,101.702,107.438,128.795,119.151
2022/12/28,106.079,10.142,100.22,100.08,99.633,11.019,105.1,112.02,96.1,106.999,101.61,107.389,128.834,119.07
2022/12/29,106.126,10.159,100.3,100.239,99.696,10.987,105.03,111.92,96.03,107.035,101.568,107.197,128.954,119.2
2022/12/30,106.196,10.169,100.42,100.235,99.91,10.998,105.1,112.38,96.005,107.018,101.513,107.299,129.292,119.394
2023/1/3,106.157,10.1,100.314,100.278,99.74,11.019,105.13,112.463,96.175,107.062,101.455,107.187,129.215,119.383
2023/1/4,106.182,10.088,100.309,100.32,99.839,11.044,105.209,112.634,96.44,107.19,101.518,107.37,129.39,119.5
2023/1/5,106.19,10.15,100.35,100.34,99.825,11.155,105.262,112.429,96.35,107.23,101.546,107.416,129.333,119.529
2023/1/6,106.208,10.131,100.3,100.269,99.848,11.205,105.25,112.349,96.29,107.16,101.585,107.53,129.271,119.444
2023/1/9,106.218,10.075,100.289,100.211,99.755,11.174,105.302,112.58,96.073,107.138,101.559,107.489,129.019,119.415
2023/1/10,106.3,10.055,100.194,100.12,99.8,11.152,106.25,112.335,95.899,107.05,101.439,107.529,128.973,119.349
2023/1/11,106.263,10.034,100.19,100.1,99.675,11.119,105.2,112.31,95.699,106.95,101.235,107.52,128.885,119.255
2023/1/12,106.257,10.04,100.192,100.18,99.678,11.143,105.13,112.291,95.542,106.93,101.255,107.328,128.821,119.2
2023/1/13,106.261,10.036,100.246,100.2,99.644,11.179,105.12,112.287,95.486,106.89,101.293,107.2,128.834,119.145
2023/1/16,106.266,10.025,100.263,100.186,99.55,11.285,105.2,112.29,9.532,106.84,101.647,107.243,128.787,119.086
2023/1/17,106.26,10.012,100.229,100.16,99.485,11.329,106.201,112.289,9.486,106.72,101.793,107.244,128.732,119
2023/1/18,106.255,10.012,100.203,100.084,99.701,11.337,106.291,112.336,9.491,106.788,101.664,107.325,128.81,119.059
2023/1/19,106.288,10.018,100.245,100.094,99.52,11.345,105.23,112.339,9.484,106.761,101.57,107.279,128.73,118.965
2023/1/20,106.36,10.023,100.31,100.098,99.52,11.444,105.16,112.368,9.499,106.838,101.562,107.513,128.857,118.979
2023/1/30,106.34,10.038,100.321,100.079,99.561,11.536,105.2,112.399,9.499,106.75,101.598,107.484,128.894,119.055
2023/1/31,106.378,10.065,100.365,100.147,99.7,11.419,105.35,112.649,9.42,106.895,101.563,107.54,128.906,119.142
2023/2/1,106.387,10.105,100.367,100.168,99.75,11.464,105.3,112.36,9.454,106.99,101.65,107.674,128.924,119.208
2023/2/2,106.395,10.14,100.371,100.16,99.75,11.506,105.348,112.31,9.494,106.885,101.78,107.7,128.987,119.229
2023/2/3,106.416,10.152,100.458,100.215,99.791,11.48,105.3,112.36,9.485,107.02,101.789,107.598,129.04,119.315
2023/2/6,106.431,10.151,100.46,100.265,99.75,11.4,105.35,112.36,9.518,106.994,101.792,107.704,129.067,119.355
2023/2/7,106.445,10.184,100.42,100.25,99.865,11.35,105.3,112.35,9.548,106.929,101.79,107.655,128.983,119.36
2023/2/8,106.448,10.181,100.441,100.26,99.839,11.352,105.3,112.338,9.54,106.998,101.882,107.92,129.06,119.35
2023/2/9,106.447,10.165,100.429,100.252,99.806,11.39,105.33,112.375,9.579,106.93,101.959,107.837,129.05,119.311
2023/2/10,106.459,10.189,100.415,100.301,99.825,11.4,105.33,112.349,9.588,106.983,101.98,107.882,129.084,119.358
2023/2/13,106.471,10.222,100.405,100.345,99.84,11.405,105.3,112.31,9.609,106.98,101.979,107.84,129.128,119.399
2023/2/14,106.508,10.24,100.4,100.34,99.843,11.427,105.18,112.37,9.59,107.03,101.994,107.83,129.117,119.405
2023/2/15,106.501,10.252,100.43,100.359,99.86,11.408,105.27,112.5,9.584,107.069,101.978,107.806,129.142,119.382
2023/2/16,106.524,10.234,100.45,100.357,99.99,11.362,105.265,112.4,9.571,107.04,101.971,107.788,129.14,119.428
2023/2/17,106.519,10.23,100.443,100.35,99.913,11.254,105.279,112.406,9.555,107.04,101.969,107.803,129.134,119.431
2023/2/20,106.521,10.255,100.482,100.319,99.88,11.264,105.295,112.456,9.554,107.09,101.94,107.769,129.152,119.415
2023/2/21,106.525,10.239,100.405,100.25,99.78,11.309,105.25,112.61,9.555,106.895,101.927,107.656,129.008,119.351
2023/2/22,106.536,10.233,100.402,100.185,99.78,11.317,105.27,112.383,9.556,106.938,101.938,107.78,129.049,119.395
2023/2/23,106.534,10.23,100.419,100.204,99.81,11.325,105.35,112.383,9.553,107.04,101.933,107.849,129.03,119.375
2023/2/24,106.541,10.247,100.405,100.194,99.8,11.278,105.34,112.38,9.565,106.928,101.943,107.96,129.038,119.38
2023/2/27,106.539,10.237,100.395,100.159,99.79,11.232,105.5,112.409,9.57,106.93,101.935,107.89,129.032,119.359
2023/2/28,106.535,10.221,100.396,100.174,99.743,11.219,105.4,112.43,9.568,106.94,101.92,107.833,129.021,119.343
2023/3/1,106.539,10.229,100.41,100.209,99.749,11.308,105.451,112.445,9.566,106.982,101.93,107.841,128.991,119.349
2023/3/2,106.547,10.229,100.424,100.22,99.74,11.336,105.39,112.45,9.56,106.889,101.92,107.597,129.011,119.355
2023/3/3,106.569,10.239,100.419,100.186,99.73,11.342,105.299,112.47,9.561,106.885,101.818,107.629,129.001,119.3
2023/3/6,106.669,10.259,100.462,100.22,99.835,11.348,105.39,112.5,9.575,106.988,101.805,107.788,129.068,119.48
2023/3/7,106.609,10.248,100.465,100.3,99.911,11.342,105.45,112.579,9.584,106.999,101.872,107.81,129.169,119.587
2023/3/8,106.615,10.283,100.504,100.351,99.955,11.258,106.504,112.722,9.588,107.115,101.869,108.1,129.263,119.699
2023/3/9,106.618,10.331,100.525,100.359,99.96,11.277,105.45,112.7,9.62,107.108,101.998,108.189,129.269,119.71
2023/3/10,106.645,10.3,100.515,100.381,99.989,11.247,105.4,112.7,9.619,107.119,102.098,108.378,129.342,119.78
2023/3/13,106.648,10.314,100.529,100.416,99.991,11.271,105.309,112.748,9.619,107.159,102.251,108.49,129.346,119.8
2023/3/14,106.649,10.295,100.558,100.395,100.02,11.297,105.445,112.752,9.62,107.199,102.252,108.366,129.357,119.855
2023/3/15,106.648,10.265,100.524,100.391,100.04,11.301,105.4,112.735,9.625,107.166,102.273,108.1,129.338,119.826
2023/3/16,106.65,10.294,100.529,100.416,100.057,11.254,105.499,112.778,9.613,107.298,102.274,107.549,129.375,119.91
2023/3/17,106.684,10.52,100.531,100.459,100.077,11.284,105.37,112.815,9.618,107.29,102.226,107.543,129.467,119.964
2023/3/20,106.706,10.43,100.573,100.6,100.196,11.277,105.45,112.84,9.615,107.369,102.209,107.536,129.564,120.03
2023/3/21,106.719,10.498,100.612,100.598,100.233,11.286,105.4,112.87,9.629,107.467,102.249,107.559,129.571,120.042
2023/3/22,106.715,10.396,100.599,100.558,100.238,11.338,105.498,112.889,9.639,107.393,102.218,107.584,129.5,119.877
2023/3/23,106.718,10.396,100.632,100.56,100.282,11.33,105.43,112.89,9.648,107.359,102.259,107.687,129.494,119.919
2023/3/24,106.739,10.398,100.65,100.59,100.283,11.346,105.405,112.86,9.67,107.468,101.6,107.741,129.469,119.884
2023/3/27,106.739,10.399,100.664,100.563,100.283,11.308,105.46,112.909,9.643,107.444,101.549,108,129.415,119.883
2023/3/28,106.744,10.403,100.71,100.592,100.356,11.307,105.41,112.952,9.635,107.498,101.549,107.881,129.429,119.89
2023/3/29,106.749,10.398,100.684,100.628,100.396,11.299,105.44,112.94,9.635,107.473,101.565,107.868,129.457,119.929
2023/3/30,106.743,10.398,100.664,100.644,100.395,11.292,106.45,114,9.636,107.499,101.55,107.824,129.51,120.023
2023/3/31,106.802,10.404,100.69,100.676,100.37,11.308,105.35,112.96,9.633,107.599,101.59,107.95,129.55,119.92
2023/4/3,106.798,10.41,100.701,100.73,100.335,11.341,105.47,114.08,9.63,107.6,101.62,108.053,129.53,119.901
2023/4/4,106.832,10.409,100.704,100.72,100.345,11.339,105.5,113.13,9.637,107.549,101.66,108.1,129.514,119.921
2023/4/6,106.862,10.437,100.745,100.717,100.4,11.36,105.5,113.108,9.633,107.55,101.672,108.02,129.56,119.984
2023/4/7,106.879,10.435,100.759,100.706,100.44,11.418,105.46,113.021,9.636,107.6,101.69,107.977,129.59,120.048
2023/4/10,106.896,10.422,100.8,100.85,100.515,11.426,105.47,112.949,9.659,107.625,101.698,107.977,129.78,120.09
2023/4/11,106.902,10.387,100.832,100.86,100.63,11.377,105.47,113.01,9.668,107.672,101.796,107.957,129.875,120.18
2023/4/12,106.91,10.399,100.81,100.814,100.74,11.367,105.55,113.021,9.677,107.745,102.278,107.967,129.792,120.245
2023/4/13,106.915,10.39,100.848,100.81,100.72,11.358,105.45,113.055,9.672,107.79,101.928,107.962,129.825,120.274
2023/4/14,106.921,10.39,100.822,100.81,100.691,11.427,105.45,113.049,9.697,107.808,101.885,107.921,129.766,120.269
2023/4/17,106.943,10.412,100.839,100.806,100.643,11.497,105.556,113.25,9.71,107.831,101.82,107.897,129.745,120.23
2023/4/18,106.95,10.422,100.793,100.784,100.7,11.478,105.5,113.227,9.752,107.75,101.796,107.867,129.743,120.217
2023/4/19,106.954,10.406,100.839,100.835,100.75,11.475,105.525,113.05,9.772,107.887,101.997,107.861,129.906,120.4
2023/4/20,106.954,10.457,100.872,100.875,100.765,11.438,105.55,113.07,9.782,107.925,101.97,107.91,129.823,120.42
2023/4/21,106.968,10.45,100.885,100.862,100.79,11.415,105.525,113.079,9.81,107.947,101.994,107.959,129.857,120.409
2023/4/24,106.988,10.454,100.92,100.901,100.838,11.347,105.849,113.45,9.805,108.05,102.246,108.4,129.975,120.538
2023/4/25,106.994,10.453,100.89,100.952,100.858,11.32,105.529,113.26,9.804,108.079,102.251,108.34,129.934,120.558
2023/4/26,106.998,10.437,100.887,100.94,100.85,11.368,105.599,113.28,9.794,108.13,102.205,108.219,129.929,120.575
2023/4/27,106.999,10.456,100.932,101.025,101.05,11.383,105.525,113.263,9.817,108.2,102.33,108.097,130.09,120.82
2023/4/28,107.043,10.479,100.95,101.055,101.032,11.418,105.599,113.669,9.821,108.18,102.24,108.028,130.17,120.895
2023/5/4,107.045,10.497,101.008,101.128,101.264,11.425,105.6,113.44,9.851,108.37,102.222,108.085,130.285,121
2023/5/5,107.082,10.48,101.113,101.29,101.455,11.404,105.65,113.45,9.866,108.58,102.28,108.234,130.512,121.165
2023/5/8,107.112,10.49,101.18,101.25,101.45,11.476,105.552,113.449,9.86,108.622,102.52,108.238,130.51,121.998
2023/5/9,107.123,10.461,101.079,101.24,101.449,11.497,105.75,113.49,9.866,108.575,102.651,108.236,130.57,121.166
2023/5/10,107.145,10.458,101.105,101.44,101.63,11.413,106.859,113.585,9.87,108.649,102.97,108.505,130.64,121.335
2023/5/11,107.16,10.464,101.18,101.38,101.784,11.429,105.85,113.57,9.872,108.8,102.821,108.733,130.898,121.548
2023/5/12,107.2,10.505,101.19,101.395,101.765,11.45,105.9,113.609,9.874,108.85,102.89,108.98,130.88,121.537
2023/5/15,107.207,10.473,101.18,101.379,101.705,11.381,105.98,113.597,9.869,108.729,102.891,108.959,130.932,121.48
2023/5/16,107.206,10.478,101.182,101.368,101.681,11.388,105.89,113.63,9.854,108.658,102.85,108.679,130.81,121.376
2023/5/17,107.212,10.465,101.176,101.36,101.69,11.353,105.95,113.693,9.85,108.767,102.74,108.656,130.786,121.42
2023/5/18,107.223,10.483,101.19,101.351,101.63,11.394,105.92,113.68,9.841,108.662,102.58,108.647,130.728,121.399
2023/5/19,107.235,10.466,101.175,101.364,101.658,11.38,105.89,113.896,9.852,108.677,102.38,108.676,130.78,121.43
2023/5/22,107.242,10.479,101.225,101.48,101.682,11.375,106.03,113.85,9.874,108.72,102.45,108.68,130.941,121.49
2023/5/23,107.266,10.5,101.314,101.618,101.875,11.357,106.095,113.95,9.875,108.895,102.67,108.98,131.301,121.73
2023/5/24,107.275,10.499,101.312,101.6,101.86,11.313,106.348,113.93,9.874,108.944,102.716,109.025,131.301,121.743
2023/5/25,107.282,10.498,101.315,101.578,101.847,11.319,106.2,113.921,9.876,108.97,102.669,108.948,131.186,121.666
2023/5/26,107.307,10.494,101.315,101.48,101.786,11.316,106.2,113.948,9.871,108.929,102.7,108.932,131.149,121.613
2023/5/29,107.317,10.506,101.324,101.528,101.79,11.323,106.2,114.16,9.877,108.893,102.691,108.849,131.086,121.46
2023/5/30,107.316,10.495,101.38,101.586,101.846,11.314,106.25,113.98,9.884,108.959,102.734,108.87,131.19,121.525
2023/5/31,107.32,10.498,101.42,101.61,101.83,11.274,105.96,114.003,9.885,109.01,102.845,109.107,131.301,121.52
2023/6/1,107.331,10.509,101.439,101.68,101.938,11.296,106,114.04,9.885,109.14,102.958,109.172,131.348,121.68
2023/6/2,107.353,10.512,101.43,101.68,101.915,11.356,105.949,114.067,9.884,109.103,102.979,109.194,131.355,121.701
2023/6/5,107.363,10.526,101.44,101.656,101.872,11.349,106.01,115.1,9.88,109.08,102.99,109.185,131.299,121.653
2023/6/6,107.372,10.515,101.476,101.76,101.964,11.326,106.04,114.244,9.878,109.075,103,109.4,131.347,121.76
2023/6/7,107.386,10.519,101.514,101.805,102.028,11.302,106.148,115.21,9.88,109.148,103.076,109.473,131.457,121.87
2023/6/8,107.398,10.525,101.506,101.79,102.055,11.306,106.1,114.3,9.879,109.197,103.075,109.507,131.46,121.889
2023/6/9,107.411,10.523,101.534,101.819,102.23,11.343,106.15,114.349,9.904,109.421,103.221,109.65,131.518,122.023
2023/6/12,107.415,10.523,101.544,101.839,102.292,11.368,106.15,114.398,9.9,109.364,103.25,109.75,131.559,122.08
2023/6/13,107.429,10.523,101.578,101.9,102.499,11.384,106.27,114.647,9.906,109.6,103.5,109.896,131.729,122.282
2023/6/14,107.452,10.538,101.57,101.95,102.688,11.401,106.3,114.75,9.899,109.647,103.632,110.052,131.819,122.61
2023/6/15,107.449,10.543,101.537,101.91,102.5,11.408,106.27,114.709,9.901,109.57,103.636,110.004,131.784,122.598
2023/6/16,107.45,10.523,101.534,101.814,102.24,11.428,106.25,114.631,9.888,109.302,103.457,109.803,131.505,122.118
2023/6/19,107.423,10.502,101.509,101.759,102.146,11.425,106.2,114.689,9.873,109.138,103.503,109.749,131.297,121.913
2023/6/20,107.428,10.496,101.47,101.72,102.121,11.376,106.25,114.669,9.886,109.13,104.182,109.484,131.245,121.899
2023/6/21,107.468,10.513,101.6,101.86,102.2,11.359,106.27,114.648,9.854,109.275,102.85,108.72,131.363,122.077
2023/6/26,107.475,10.495,101.53,101.82,102.3,11.323,106.27,114.738,9.858,110.334,102.88,108.957,131.442,122.21
2023/6/27,107.472,10.491,101.573,101.84,102.296,11.32,106.25,114.782,9.851,109.374,102.86,109.042,131.45,122.164
2023/6/28,107.457,10.497,101.527,101.862,102.325,11.335,106.25,114.859,9.843,109.29,102.796,108.946,131.405,122.058
2023/6/29,107.44,10.5,101.568,101.896,102.36,11.338,106.22,114.843,9.842,109.269,102.795,109.029,131.427,122.05
